Assembly Accession	Assembly Unplaced Count	Assembly-unit accession	Chromosome name	GC Count	GC Percent	GenBank seq accession	Molecule type	Ordering	RefSeq seq accession	Role	Seq length	UCSC style name	Unlocalized Count
GCF_000001405.40		Primary Assembly	1	103674491	41.5	CM000663.2	Chromosome		NC_000001.11	assembled-molecule	248956422	chr1	9
GCF_000001405.40		Primary Assembly	2	101284083	40.5	CM000664.2	Chromosome		NC_000002.12	assembled-molecule	242193529	chr2	2
GCF_000001405.40		Primary Assembly	3	91922884	40	CM000665.2	Chromosome		NC_000003.12	assembled-molecule	198295559	chr3	1
GCF_000001405.40		Primary Assembly	4	76972588	38.5	CM000666.2	Chromosome		NC_000004.12	assembled-molecule	190214555	chr4	1
GCF_000001405.40		Primary Assembly	5	93718374	39.5	CM000667.2	Chromosome		NC_000005.10	assembled-molecule	181538259	chr5	1
GCF_000001405.40		Primary Assembly	6	68907366	39.5	CM000668.2	Chromosome		NC_000006.12	assembled-molecule	170805979	chr6	
GCF_000001405.40		Primary Assembly	7	70693857	41	CM000669.2	Chromosome		NC_000007.14	assembled-molecule	159345973	chr7	
GCF_000001405.40		Primary Assembly	8	76166139	40	CM000670.2	Chromosome		NC_000008.11	assembled-molecule	145138636	chr8	
GCF_000001405.40		Primary Assembly	9	52944769	41.5	CM000671.2	Chromosome		NC_000009.12	assembled-molecule	138394717	chr9	4
GCF_000001405.40		Primary Assembly	10	59342366	41.5	CM000672.2	Chromosome		NC_000010.11	assembled-molecule	133797422	chr10	
GCF_000001405.40		Primary Assembly	11	70204082	41.5	CM000673.2	Chromosome		NC_000011.10	assembled-molecule	135086622	chr11	
GCF_000001405.40		Primary Assembly	12	58038673	41	CM000674.2	Chromosome		NC_000012.12	assembled-molecule	133275309	chr12	
GCF_000001405.40		Primary Assembly	13	38619357	38.5	CM000675.2	Chromosome		NC_000013.11	assembled-molecule	114364328	chr13	
GCF_000001405.40		Primary Assembly	14	45815948	41	CM000676.2	Chromosome		NC_000014.9	assembled-molecule	107043718	chr14	8
GCF_000001405.40		Primary Assembly	15	46742416	42	CM000677.2	Chromosome		NC_000015.10	assembled-molecule	101991189	chr15	1
GCF_000001405.40		Primary Assembly	16	48251436	44.5	CM000678.2	Chromosome		NC_000016.10	assembled-molecule	90338345	chr16	1
GCF_000001405.40		Primary Assembly	17	46714680	45.5	CM000679.2	Chromosome		NC_000017.11	assembled-molecule	83257441	chr17	3
GCF_000001405.40		Primary Assembly	18	40613699	39.5	CM000680.2	Chromosome		NC_000018.10	assembled-molecule	80373285	chr18	
GCF_000001405.40		Primary Assembly	19	32693605	48	CM000681.2	Chromosome		NC_000019.10	assembled-molecule	58617616	chr19	
GCF_000001405.40		Primary Assembly	20	28406612	44	CM000682.2	Chromosome		NC_000020.11	assembled-molecule	64444167	chr20	
GCF_000001405.40		Primary Assembly	21	18981353	41	CM000683.2	Chromosome		NC_000021.9	assembled-molecule	46709983	chr21	
GCF_000001405.40		Primary Assembly	22	20315771	47	CM000684.2	Chromosome		NC_000022.11	assembled-molecule	50818468	chr22	8
GCF_000001405.40		Primary Assembly	X	67807309	39.5	CM000685.2	Chromosome		NC_000023.11	assembled-molecule	156040895	chrX	
GCF_000001405.40		Primary Assembly	Y	10963787	40	CM000686.2	Chromosome		NC_000024.10	assembled-molecule	57227415	chrY	1
GCF_000001405.40		Primary Assembly	1			KI270706.1	Chromosome		NT_187361.1	unlocalized-scaffold	175055	chr1_KI270706v1_random	9
GCF_000001405.40		Primary Assembly	1			KI270707.1	Chromosome		NT_187362.1	unlocalized-scaffold	32032	chr1_KI270707v1_random	9
GCF_000001405.40		Primary Assembly	1			KI270708.1	Chromosome		NT_187363.1	unlocalized-scaffold	127682	chr1_KI270708v1_random	9
GCF_000001405.40		Primary Assembly	1			KI270709.1	Chromosome		NT_187364.1	unlocalized-scaffold	66860	chr1_KI270709v1_random	9
GCF_000001405.40		Primary Assembly	1			KI270710.1	Chromosome		NT_187365.1	unlocalized-scaffold	40176	chr1_KI270710v1_random	9
GCF_000001405.40		Primary Assembly	1			KI270711.1	Chromosome		NT_187366.1	unlocalized-scaffold	42210	chr1_KI270711v1_random	9
GCF_000001405.40		Primary Assembly	1			KI270712.1	Chromosome		NT_187367.1	unlocalized-scaffold	176043	chr1_KI270712v1_random	9
GCF_000001405.40		Primary Assembly	1			KI270713.1	Chromosome		NT_187368.1	unlocalized-scaffold	40745	chr1_KI270713v1_random	9
GCF_000001405.40		Primary Assembly	1			KI270714.1	Chromosome		NT_187369.1	unlocalized-scaffold	41717	chr1_KI270714v1_random	9
GCF_000001405.40		Primary Assembly	2			KI270715.1	Chromosome		NT_187370.1	unlocalized-scaffold	161471	chr2_KI270715v1_random	2
GCF_000001405.40		Primary Assembly	2			KI270716.1	Chromosome		NT_187371.1	unlocalized-scaffold	153799	chr2_KI270716v1_random	2
GCF_000001405.40		Primary Assembly	3			GL000221.1	Chromosome		NT_167215.1	unlocalized-scaffold	155397	chr3_GL000221v1_random	1
GCF_000001405.40		Primary Assembly	4			GL000008.2	Chromosome		NT_113793.3	unlocalized-scaffold	209709	chr4_GL000008v2_random	1
GCF_000001405.40		Primary Assembly	5			GL000208.1	Chromosome		NT_113948.1	unlocalized-scaffold	92689	chr5_GL000208v1_random	1
GCF_000001405.40		Primary Assembly	9			KI270717.1	Chromosome		NT_187372.1	unlocalized-scaffold	40062	chr9_KI270717v1_random	4
GCF_000001405.40		Primary Assembly	9			KI270718.1	Chromosome		NT_187373.1	unlocalized-scaffold	38054	chr9_KI270718v1_random	4
GCF_000001405.40		Primary Assembly	9			KI270719.1	Chromosome		NT_187374.1	unlocalized-scaffold	176845	chr9_KI270719v1_random	4
GCF_000001405.40		Primary Assembly	9			KI270720.1	Chromosome		NT_187375.1	unlocalized-scaffold	39050	chr9_KI270720v1_random	4
GCF_000001405.40		Primary Assembly	14			GL000009.2	Chromosome		NT_113796.3	unlocalized-scaffold	201709	chr14_GL000009v2_random	8
GCF_000001405.40		Primary Assembly	14			GL000194.1	Chromosome		NT_113888.1	unlocalized-scaffold	191469	chr14_GL000194v1_random	8
GCF_000001405.40		Primary Assembly	14			GL000225.1	Chromosome		NT_167219.1	unlocalized-scaffold	211173	chr14_GL000225v1_random	8
GCF_000001405.40		Primary Assembly	14			KI270722.1	Chromosome		NT_187377.1	unlocalized-scaffold	194050	chr14_KI270722v1_random	8
GCF_000001405.40		Primary Assembly	14			KI270723.1	Chromosome		NT_187378.1	unlocalized-scaffold	38115	chr14_KI270723v1_random	8
GCF_000001405.40		Primary Assembly	14			KI270724.1	Chromosome		NT_187379.1	unlocalized-scaffold	39555	chr14_KI270724v1_random	8
GCF_000001405.40		Primary Assembly	14			KI270725.1	Chromosome		NT_187380.1	unlocalized-scaffold	172810	chr14_KI270725v1_random	8
GCF_000001405.40		Primary Assembly	14			KI270726.1	Chromosome		NT_187381.1	unlocalized-scaffold	43739	chr14_KI270726v1_random	8
GCF_000001405.40		Primary Assembly	15			KI270727.1	Chromosome		NT_187382.1	unlocalized-scaffold	448248	chr15_KI270727v1_random	1
GCF_000001405.40		Primary Assembly	16			KI270728.1	Chromosome		NT_187383.1	unlocalized-scaffold	1872759	chr16_KI270728v1_random	1
GCF_000001405.40		Primary Assembly	17			GL000205.2	Chromosome		NT_113930.2	unlocalized-scaffold	185591	chr17_GL000205v2_random	3
GCF_000001405.40		Primary Assembly	17			KI270729.1	Chromosome		NT_187384.1	unlocalized-scaffold	280839	chr17_KI270729v1_random	3
GCF_000001405.40		Primary Assembly	17			KI270730.1	Chromosome		NT_187385.1	unlocalized-scaffold	112551	chr17_KI270730v1_random	3
GCF_000001405.40		Primary Assembly	22			KI270731.1	Chromosome		NT_187386.1	unlocalized-scaffold	150754	chr22_KI270731v1_random	8
GCF_000001405.40		Primary Assembly	22			KI270732.1	Chromosome		NT_187387.1	unlocalized-scaffold	41543	chr22_KI270732v1_random	8
GCF_000001405.40		Primary Assembly	22			KI270733.1	Chromosome		NT_187388.1	unlocalized-scaffold	179772	chr22_KI270733v1_random	8
GCF_000001405.40		Primary Assembly	22			KI270735.1	Chromosome		NT_187390.1	unlocalized-scaffold	42811	chr22_KI270735v1_random	8
GCF_000001405.40		Primary Assembly	22			KI270736.1	Chromosome		NT_187391.1	unlocalized-scaffold	181920	chr22_KI270736v1_random	8
GCF_000001405.40		Primary Assembly	22			KI270737.1	Chromosome		NT_187392.1	unlocalized-scaffold	103838	chr22_KI270737v1_random	8
GCF_000001405.40		Primary Assembly	22			KI270738.1	Chromosome		NT_187393.1	unlocalized-scaffold	99375	chr22_KI270738v1_random	8
GCF_000001405.40		Primary Assembly	22			KI270739.1	Chromosome		NT_187394.1	unlocalized-scaffold	73985	chr22_KI270739v1_random	8
GCF_000001405.40		Primary Assembly	Y			KI270740.1	Chromosome		NT_187395.1	unlocalized-scaffold	37240	chrY_KI270740v1_random	1
GCF_000001405.40		Primary Assembly	Un			GL000195.1	Chromosome		NT_113901.1	unplaced-scaffold	182896	chrUn_GL000195v1	
GCF_000001405.40		Primary Assembly	Un			GL000213.1	Chromosome		NT_167208.1	unplaced-scaffold	164239	chrUn_GL000213v1	
GCF_000001405.40		Primary Assembly	Un			GL000214.1	Chromosome		NT_167209.1	unplaced-scaffold	137718	chrUn_GL000214v1	
GCF_000001405.40		Primary Assembly	Un			GL000216.2	Chromosome		NT_167211.2	unplaced-scaffold	176608	chrUn_GL000216v2	
GCF_000001405.40		Primary Assembly	Un			GL000218.1	Chromosome		NT_113889.1	unplaced-scaffold	161147	chrUn_GL000218v1	
GCF_000001405.40		Primary Assembly	Un			GL000219.1	Chromosome		NT_167213.1	unplaced-scaffold	179198	chrUn_GL000219v1	
GCF_000001405.40		Primary Assembly	Un			GL000220.1	Chromosome		NT_167214.1	unplaced-scaffold	161802	chrUn_GL000220v1	
GCF_000001405.40		Primary Assembly	Un			GL000224.1	Chromosome		NT_167218.1	unplaced-scaffold	179693	chrUn_GL000224v1	
GCF_000001405.40		Primary Assembly	Un			GL000226.1	Chromosome		NT_167220.1	unplaced-scaffold	15008	chrUn_GL000226v1	
GCF_000001405.40		Primary Assembly	Un			KI270302.1	Chromosome		NT_187396.1	unplaced-scaffold	2274	chrUn_KI270302v1	
GCF_000001405.40		Primary Assembly	Un			KI270303.1	Chromosome		NT_187398.1	unplaced-scaffold	1942	chrUn_KI270303v1	
GCF_000001405.40		Primary Assembly	Un			KI270304.1	Chromosome		NT_187397.1	unplaced-scaffold	2165	chrUn_KI270304v1	
GCF_000001405.40		Primary Assembly	Un			KI270305.1	Chromosome		NT_187399.1	unplaced-scaffold	1472	chrUn_KI270305v1	
GCF_000001405.40		Primary Assembly	Un			KI270310.1	Chromosome		NT_187402.1	unplaced-scaffold	1201	chrUn_KI270310v1	
GCF_000001405.40		Primary Assembly	Un			KI270311.1	Chromosome		NT_187406.1	unplaced-scaffold	12399	chrUn_KI270311v1	
GCF_000001405.40		Primary Assembly	Un			KI270312.1	Chromosome		NT_187405.1	unplaced-scaffold	998	chrUn_KI270312v1	
GCF_000001405.40		Primary Assembly	Un			KI270315.1	Chromosome		NT_187404.1	unplaced-scaffold	2276	chrUn_KI270315v1	
GCF_000001405.40		Primary Assembly	Un			KI270316.1	Chromosome		NT_187403.1	unplaced-scaffold	1444	chrUn_KI270316v1	
GCF_000001405.40		Primary Assembly	Un			KI270317.1	Chromosome		NT_187407.1	unplaced-scaffold	37690	chrUn_KI270317v1	
GCF_000001405.40		Primary Assembly	Un			KI270320.1	Chromosome		NT_187401.1	unplaced-scaffold	4416	chrUn_KI270320v1	
GCF_000001405.40		Primary Assembly	Un			KI270322.1	Chromosome		NT_187400.1	unplaced-scaffold	21476	chrUn_KI270322v1	
GCF_000001405.40		Primary Assembly	Un			KI270329.1	Chromosome		NT_187459.1	unplaced-scaffold	1040	chrUn_KI270329v1	
GCF_000001405.40		Primary Assembly	Un			KI270330.1	Chromosome		NT_187458.1	unplaced-scaffold	1652	chrUn_KI270330v1	
GCF_000001405.40		Primary Assembly	Un			KI270333.1	Chromosome		NT_187461.1	unplaced-scaffold	2699	chrUn_KI270333v1	
GCF_000001405.40		Primary Assembly	Un			KI270334.1	Chromosome		NT_187460.1	unplaced-scaffold	1368	chrUn_KI270334v1	
GCF_000001405.40		Primary Assembly	Un			KI270335.1	Chromosome		NT_187462.1	unplaced-scaffold	1048	chrUn_KI270335v1	
GCF_000001405.40		Primary Assembly	Un			KI270336.1	Chromosome		NT_187465.1	unplaced-scaffold	1026	chrUn_KI270336v1	
GCF_000001405.40		Primary Assembly	Un			KI270337.1	Chromosome		NT_187466.1	unplaced-scaffold	1121	chrUn_KI270337v1	
GCF_000001405.40		Primary Assembly	Un			KI270338.1	Chromosome		NT_187463.1	unplaced-scaffold	1428	chrUn_KI270338v1	
GCF_000001405.40		Primary Assembly	Un			KI270340.1	Chromosome		NT_187464.1	unplaced-scaffold	1428	chrUn_KI270340v1	
GCF_000001405.40		Primary Assembly	Un			KI270362.1	Chromosome		NT_187469.1	unplaced-scaffold	3530	chrUn_KI270362v1	
GCF_000001405.40		Primary Assembly	Un			KI270363.1	Chromosome		NT_187467.1	unplaced-scaffold	1803	chrUn_KI270363v1	
GCF_000001405.40		Primary Assembly	Un			KI270364.1	Chromosome		NT_187468.1	unplaced-scaffold	2855	chrUn_KI270364v1	
GCF_000001405.40		Primary Assembly	Un			KI270366.1	Chromosome		NT_187470.1	unplaced-scaffold	8320	chrUn_KI270366v1	
GCF_000001405.40		Primary Assembly	Un			KI270371.1	Chromosome		NT_187494.1	unplaced-scaffold	2805	chrUn_KI270371v1	
GCF_000001405.40		Primary Assembly	Un			KI270372.1	Chromosome		NT_187491.1	unplaced-scaffold	1650	chrUn_KI270372v1	
GCF_000001405.40		Primary Assembly	Un			KI270373.1	Chromosome		NT_187492.1	unplaced-scaffold	1451	chrUn_KI270373v1	
GCF_000001405.40		Primary Assembly	Un			KI270374.1	Chromosome		NT_187490.1	unplaced-scaffold	2656	chrUn_KI270374v1	
GCF_000001405.40		Primary Assembly	Un			KI270375.1	Chromosome		NT_187493.1	unplaced-scaffold	2378	chrUn_KI270375v1	
GCF_000001405.40		Primary Assembly	Un			KI270376.1	Chromosome		NT_187489.1	unplaced-scaffold	1136	chrUn_KI270376v1	
GCF_000001405.40		Primary Assembly	Un			KI270378.1	Chromosome		NT_187471.1	unplaced-scaffold	1048	chrUn_KI270378v1	
GCF_000001405.40		Primary Assembly	Un			KI270379.1	Chromosome		NT_187472.1	unplaced-scaffold	1045	chrUn_KI270379v1	
GCF_000001405.40		Primary Assembly	Un			KI270381.1	Chromosome		NT_187486.1	unplaced-scaffold	1930	chrUn_KI270381v1	
GCF_000001405.40		Primary Assembly	Un			KI270382.1	Chromosome		NT_187488.1	unplaced-scaffold	4215	chrUn_KI270382v1	
GCF_000001405.40		Primary Assembly	Un			KI270383.1	Chromosome		NT_187482.1	unplaced-scaffold	1750	chrUn_KI270383v1	
GCF_000001405.40		Primary Assembly	Un			KI270384.1	Chromosome		NT_187484.1	unplaced-scaffold	1658	chrUn_KI270384v1	
GCF_000001405.40		Primary Assembly	Un			KI270385.1	Chromosome		NT_187487.1	unplaced-scaffold	990	chrUn_KI270385v1	
GCF_000001405.40		Primary Assembly	Un			KI270386.1	Chromosome		NT_187480.1	unplaced-scaffold	1788	chrUn_KI270386v1	
GCF_000001405.40		Primary Assembly	Un			KI270387.1	Chromosome		NT_187475.1	unplaced-scaffold	1537	chrUn_KI270387v1	
GCF_000001405.40		Primary Assembly	Un			KI270388.1	Chromosome		NT_187478.1	unplaced-scaffold	1216	chrUn_KI270388v1	
GCF_000001405.40		Primary Assembly	Un			KI270389.1	Chromosome		NT_187473.1	unplaced-scaffold	1298	chrUn_KI270389v1	
GCF_000001405.40		Primary Assembly	Un			KI270390.1	Chromosome		NT_187474.1	unplaced-scaffold	2387	chrUn_KI270390v1	
GCF_000001405.40		Primary Assembly	Un			KI270391.1	Chromosome		NT_187481.1	unplaced-scaffold	1484	chrUn_KI270391v1	
GCF_000001405.40		Primary Assembly	Un			KI270392.1	Chromosome		NT_187485.1	unplaced-scaffold	971	chrUn_KI270392v1	
GCF_000001405.40		Primary Assembly	Un			KI270393.1	Chromosome		NT_187483.1	unplaced-scaffold	1308	chrUn_KI270393v1	
GCF_000001405.40		Primary Assembly	Un			KI270394.1	Chromosome		NT_187479.1	unplaced-scaffold	970	chrUn_KI270394v1	
GCF_000001405.40		Primary Assembly	Un			KI270395.1	Chromosome		NT_187476.1	unplaced-scaffold	1143	chrUn_KI270395v1	
GCF_000001405.40		Primary Assembly	Un			KI270396.1	Chromosome		NT_187477.1	unplaced-scaffold	1880	chrUn_KI270396v1	
GCF_000001405.40		Primary Assembly	Un			KI270411.1	Chromosome		NT_187409.1	unplaced-scaffold	2646	chrUn_KI270411v1	
GCF_000001405.40		Primary Assembly	Un			KI270412.1	Chromosome		NT_187408.1	unplaced-scaffold	1179	chrUn_KI270412v1	
GCF_000001405.40		Primary Assembly	Un			KI270414.1	Chromosome		NT_187410.1	unplaced-scaffold	2489	chrUn_KI270414v1	
GCF_000001405.40		Primary Assembly	Un			KI270417.1	Chromosome		NT_187415.1	unplaced-scaffold	2043	chrUn_KI270417v1	
GCF_000001405.40		Primary Assembly	Un			KI270418.1	Chromosome		NT_187412.1	unplaced-scaffold	2145	chrUn_KI270418v1	
GCF_000001405.40		Primary Assembly	Un			KI270419.1	Chromosome		NT_187411.1	unplaced-scaffold	1029	chrUn_KI270419v1	
GCF_000001405.40		Primary Assembly	Un			KI270420.1	Chromosome		NT_187413.1	unplaced-scaffold	2321	chrUn_KI270420v1	
GCF_000001405.40		Primary Assembly	Un			KI270422.1	Chromosome		NT_187416.1	unplaced-scaffold	1445	chrUn_KI270422v1	
GCF_000001405.40		Primary Assembly	Un			KI270423.1	Chromosome		NT_187417.1	unplaced-scaffold	981	chrUn_KI270423v1	
GCF_000001405.40		Primary Assembly	Un			KI270424.1	Chromosome		NT_187414.1	unplaced-scaffold	2140	chrUn_KI270424v1	
GCF_000001405.40		Primary Assembly	Un			KI270425.1	Chromosome		NT_187418.1	unplaced-scaffold	1884	chrUn_KI270425v1	
GCF_000001405.40		Primary Assembly	Un			KI270429.1	Chromosome		NT_187419.1	unplaced-scaffold	1361	chrUn_KI270429v1	
GCF_000001405.40		Primary Assembly	Un			KI270435.1	Chromosome		NT_187424.1	unplaced-scaffold	92983	chrUn_KI270435v1	
GCF_000001405.40		Primary Assembly	Un			KI270438.1	Chromosome		NT_187425.1	unplaced-scaffold	112505	chrUn_KI270438v1	
GCF_000001405.40		Primary Assembly	Un			KI270442.1	Chromosome		NT_187420.1	unplaced-scaffold	392061	chrUn_KI270442v1	
GCF_000001405.40		Primary Assembly	Un			KI270448.1	Chromosome		NT_187495.1	unplaced-scaffold	7992	chrUn_KI270448v1	
GCF_000001405.40		Primary Assembly	Un			KI270465.1	Chromosome		NT_187422.1	unplaced-scaffold	1774	chrUn_KI270465v1	
GCF_000001405.40		Primary Assembly	Un			KI270466.1	Chromosome		NT_187421.1	unplaced-scaffold	1233	chrUn_KI270466v1	
GCF_000001405.40		Primary Assembly	Un			KI270467.1	Chromosome		NT_187423.1	unplaced-scaffold	3920	chrUn_KI270467v1	
GCF_000001405.40		Primary Assembly	Un			KI270468.1	Chromosome		NT_187426.1	unplaced-scaffold	4055	chrUn_KI270468v1	
GCF_000001405.40		Primary Assembly	Un			KI270507.1	Chromosome		NT_187437.1	unplaced-scaffold	5353	chrUn_KI270507v1	
GCF_000001405.40		Primary Assembly	Un			KI270508.1	Chromosome		NT_187430.1	unplaced-scaffold	1951	chrUn_KI270508v1	
GCF_000001405.40		Primary Assembly	Un			KI270509.1	Chromosome		NT_187428.1	unplaced-scaffold	2318	chrUn_KI270509v1	
GCF_000001405.40		Primary Assembly	Un			KI270510.1	Chromosome		NT_187427.1	unplaced-scaffold	2415	chrUn_KI270510v1	
GCF_000001405.40		Primary Assembly	Un			KI270511.1	Chromosome		NT_187435.1	unplaced-scaffold	8127	chrUn_KI270511v1	
GCF_000001405.40		Primary Assembly	Un			KI270512.1	Chromosome		NT_187432.1	unplaced-scaffold	22689	chrUn_KI270512v1	
GCF_000001405.40		Primary Assembly	Un			KI270515.1	Chromosome		NT_187436.1	unplaced-scaffold	6361	chrUn_KI270515v1	
GCF_000001405.40		Primary Assembly	Un			KI270516.1	Chromosome		NT_187431.1	unplaced-scaffold	1300	chrUn_KI270516v1	
GCF_000001405.40		Primary Assembly	Un			KI270517.1	Chromosome		NT_187438.1	unplaced-scaffold	3253	chrUn_KI270517v1	
GCF_000001405.40		Primary Assembly	Un			KI270518.1	Chromosome		NT_187429.1	unplaced-scaffold	2186	chrUn_KI270518v1	
GCF_000001405.40		Primary Assembly	Un			KI270519.1	Chromosome		NT_187433.1	unplaced-scaffold	138126	chrUn_KI270519v1	
GCF_000001405.40		Primary Assembly	Un			KI270521.1	Chromosome		NT_187496.1	unplaced-scaffold	7642	chrUn_KI270521v1	
GCF_000001405.40		Primary Assembly	Un			KI270522.1	Chromosome		NT_187434.1	unplaced-scaffold	5674	chrUn_KI270522v1	
GCF_000001405.40		Primary Assembly	Un			KI270528.1	Chromosome		NT_187440.1	unplaced-scaffold	2983	chrUn_KI270528v1	
GCF_000001405.40		Primary Assembly	Un			KI270529.1	Chromosome		NT_187439.1	unplaced-scaffold	1899	chrUn_KI270529v1	
GCF_000001405.40		Primary Assembly	Un			KI270530.1	Chromosome		NT_187441.1	unplaced-scaffold	2168	chrUn_KI270530v1	
GCF_000001405.40		Primary Assembly	Un			KI270538.1	Chromosome		NT_187443.1	unplaced-scaffold	91309	chrUn_KI270538v1	
GCF_000001405.40		Primary Assembly	Un			KI270539.1	Chromosome		NT_187442.1	unplaced-scaffold	993	chrUn_KI270539v1	
GCF_000001405.40		Primary Assembly	Un			KI270544.1	Chromosome		NT_187444.1	unplaced-scaffold	1202	chrUn_KI270544v1	
GCF_000001405.40		Primary Assembly	Un			KI270548.1	Chromosome		NT_187445.1	unplaced-scaffold	1599	chrUn_KI270548v1	
GCF_000001405.40		Primary Assembly	Un			KI270579.1	Chromosome		NT_187450.1	unplaced-scaffold	31033	chrUn_KI270579v1	
GCF_000001405.40		Primary Assembly	Un			KI270580.1	Chromosome		NT_187448.1	unplaced-scaffold	1553	chrUn_KI270580v1	
GCF_000001405.40		Primary Assembly	Un			KI270581.1	Chromosome		NT_187449.1	unplaced-scaffold	7046	chrUn_KI270581v1	
GCF_000001405.40		Primary Assembly	Un			KI270582.1	Chromosome		NT_187454.1	unplaced-scaffold	6504	chrUn_KI270582v1	
GCF_000001405.40		Primary Assembly	Un			KI270583.1	Chromosome		NT_187446.1	unplaced-scaffold	1400	chrUn_KI270583v1	
GCF_000001405.40		Primary Assembly	Un			KI270584.1	Chromosome		NT_187453.1	unplaced-scaffold	4513	chrUn_KI270584v1	
GCF_000001405.40		Primary Assembly	Un			KI270587.1	Chromosome		NT_187447.1	unplaced-scaffold	2969	chrUn_KI270587v1	
GCF_000001405.40		Primary Assembly	Un			KI270588.1	Chromosome		NT_187455.1	unplaced-scaffold	6158	chrUn_KI270588v1	
GCF_000001405.40		Primary Assembly	Un			KI270589.1	Chromosome		NT_187451.1	unplaced-scaffold	44474	chrUn_KI270589v1	
GCF_000001405.40		Primary Assembly	Un			KI270590.1	Chromosome		NT_187452.1	unplaced-scaffold	4685	chrUn_KI270590v1	
GCF_000001405.40		Primary Assembly	Un			KI270591.1	Chromosome		NT_187457.1	unplaced-scaffold	5796	chrUn_KI270591v1	
GCF_000001405.40		Primary Assembly	Un			KI270593.1	Chromosome		NT_187456.1	unplaced-scaffold	3041	chrUn_KI270593v1	
GCF_000001405.40		Primary Assembly	Un			KI270741.1	Chromosome		NT_187497.1	unplaced-scaffold	157432	chrUn_KI270741v1	
GCF_000001405.40		Primary Assembly	Un			KI270742.1	Chromosome		NT_187513.1	unplaced-scaffold	186739	chrUn_KI270742v1	
GCF_000001405.40		Primary Assembly	Un			KI270743.1	Chromosome		NT_187498.1	unplaced-scaffold	210658	chrUn_KI270743v1	
GCF_000001405.40		Primary Assembly	Un			KI270744.1	Chromosome		NT_187499.1	unplaced-scaffold	168472	chrUn_KI270744v1	
GCF_000001405.40		Primary Assembly	Un			KI270745.1	Chromosome		NT_187500.1	unplaced-scaffold	41891	chrUn_KI270745v1	
GCF_000001405.40		Primary Assembly	Un			KI270746.1	Chromosome		NT_187501.1	unplaced-scaffold	66486	chrUn_KI270746v1	
GCF_000001405.40		Primary Assembly	Un			KI270747.1	Chromosome		NT_187502.1	unplaced-scaffold	198735	chrUn_KI270747v1	
GCF_000001405.40		Primary Assembly	Un			KI270748.1	Chromosome		NT_187503.1	unplaced-scaffold	93321	chrUn_KI270748v1	
GCF_000001405.40		Primary Assembly	Un			KI270749.1	Chromosome		NT_187504.1	unplaced-scaffold	158759	chrUn_KI270749v1	
GCF_000001405.40		Primary Assembly	Un			KI270750.1	Chromosome		NT_187505.1	unplaced-scaffold	148850	chrUn_KI270750v1	
GCF_000001405.40		Primary Assembly	Un			KI270751.1	Chromosome		NT_187506.1	unplaced-scaffold	150742	chrUn_KI270751v1	
GCF_000001405.40		Primary Assembly	Un			KI270753.1	Chromosome		NT_187508.1	unplaced-scaffold	62944	chrUn_KI270753v1	
GCF_000001405.40		Primary Assembly	Un			KI270754.1	Chromosome		NT_187509.1	unplaced-scaffold	40191	chrUn_KI270754v1	
GCF_000001405.40		Primary Assembly	Un			KI270755.1	Chromosome		NT_187510.1	unplaced-scaffold	36723	chrUn_KI270755v1	
GCF_000001405.40		Primary Assembly	Un			KI270756.1	Chromosome		NT_187511.1	unplaced-scaffold	79590	chrUn_KI270756v1	
GCF_000001405.40		Primary Assembly	Un			KI270757.1	Chromosome		NT_187512.1	unplaced-scaffold	71251	chrUn_KI270757v1	
GCF_000001405.40		PATCHES	1			KN196472.1	Chromosome		NW_009646194.1	fix-patch	186494	chr1_KN196472v1_fix	9
GCF_000001405.40		PATCHES	1			KN196473.1	Chromosome		NW_009646195.1	fix-patch	166200	chr1_KN196473v1_fix	9
GCF_000001405.40		PATCHES	1			KN196474.1	Chromosome		NW_009646196.1	fix-patch	122022	chr1_KN196474v1_fix	9
GCF_000001405.40		PATCHES	1			KN538360.1	Chromosome		NW_011332687.1	fix-patch	460100	chr1_KN538360v1_fix	9
GCF_000001405.40		PATCHES	1			KN538361.1	Chromosome		NW_011332688.1	fix-patch	305542	chr1_KN538361v1_fix	9
GCF_000001405.40		PATCHES	1			KQ031383.1	Chromosome		NW_012132914.1	fix-patch	467143	chr1_KQ031383v1_fix	9
GCF_000001405.40		PATCHES	1			KZ208906.1	Chromosome		NW_018654708.1	fix-patch	330031	chr1_KZ208906v1_fix	9
GCF_000001405.40		PATCHES	1			KZ559100.1	Chromosome		NW_019805487.1	fix-patch	44955	chr1_KZ559100v1_fix	9
GCF_000001405.40		PATCHES	1			MU273333.1	Chromosome		NW_025791756.1	fix-patch	1572686	chr1_MU273333v1_fix	9
GCF_000001405.40		PATCHES	1			MU273334.1	Chromosome		NW_025791757.1	fix-patch	210426	chr1_MU273334v1_fix	9
GCF_000001405.40		PATCHES	1			MU273335.1	Chromosome		NW_025791758.1	fix-patch	211934	chr1_MU273335v1_fix	9
GCF_000001405.40		PATCHES	1			MU273336.1	Chromosome		NW_025791759.1	fix-patch	250447	chr1_MU273336v1_fix	9
GCF_000001405.40		PATCHES	1			KQ458382.1	Chromosome		NW_014040925.1	novel-patch	141019	chr1_KQ458382v1_alt	9
GCF_000001405.40		PATCHES	1			KQ458383.1	Chromosome		NW_014040926.1	novel-patch	349938	chr1_KQ458383v1_alt	9
GCF_000001405.40		PATCHES	1			KQ458384.1	Chromosome		NW_014040927.1	novel-patch	212205	chr1_KQ458384v1_alt	9
GCF_000001405.40		PATCHES	1			KQ983255.1	Chromosome		NW_015495298.1	novel-patch	278659	chr1_KQ983255v1_alt	9
GCF_000001405.40		PATCHES	1			KV880763.1	Chromosome		NW_017852928.1	novel-patch	551020	chr1_KV880763v1_alt	9
GCF_000001405.40		PATCHES	1			KZ208904.1	Chromosome		NW_018654706.1	novel-patch	166136	chr1_KZ208904v1_alt	9
GCF_000001405.40		PATCHES	1			KZ208905.1	Chromosome		NW_018654707.1	novel-patch	140355	chr1_KZ208905v1_alt	9
GCF_000001405.40		PATCHES	1			MU273330.1	Chromosome		NW_025791753.1	novel-patch	516764	chr1_MU273330v1_alt	9
GCF_000001405.40		PATCHES	1			MU273331.1	Chromosome		NW_025791754.1	novel-patch	847441	chr1_MU273331v1_alt	9
GCF_000001405.40		PATCHES	1			MU273332.1	Chromosome		NW_025791755.1	novel-patch	335159	chr1_MU273332v1_alt	9
GCF_000001405.40		PATCHES	2			KN538362.1	Chromosome		NW_011332689.1	fix-patch	208149	chr2_KN538362v1_fix	2
GCF_000001405.40		PATCHES	2			KN538363.1	Chromosome		NW_011332690.1	fix-patch	365499	chr2_KN538363v1_fix	2
GCF_000001405.40		PATCHES	2			KQ031384.1	Chromosome		NW_012132915.1	fix-patch	481245	chr2_KQ031384v1_fix	2
GCF_000001405.40		PATCHES	2			ML143341.1	Chromosome		NW_021159987.1	fix-patch	145975	chr2_ML143341v1_fix	2
GCF_000001405.40		PATCHES	2			ML143342.1	Chromosome		NW_021159988.1	fix-patch	84043	chr2_ML143342v1_fix	2
GCF_000001405.40		PATCHES	2			MU273341.1	Chromosome		NW_025791764.1	fix-patch	120381	chr2_MU273341v1_fix	2
GCF_000001405.40		PATCHES	2			MU273342.1	Chromosome		NW_025791765.1	fix-patch	955087	chr2_MU273342v1_fix	2
GCF_000001405.40		PATCHES	2			MU273343.1	Chromosome		NW_025791766.1	fix-patch	489404	chr2_MU273343v1_fix	2
GCF_000001405.40		PATCHES	2			MU273344.1	Chromosome		NW_025791767.1	fix-patch	244725	chr2_MU273344v1_fix	2
GCF_000001405.40		PATCHES	2			MU273345.1	Chromosome		NW_025791768.1	fix-patch	174385	chr2_MU273345v1_fix	2
GCF_000001405.40		PATCHES	2			KQ983256.1	Chromosome		NW_015495299.1	novel-patch	535088	chr2_KQ983256v1_alt	2
GCF_000001405.40		PATCHES	2			KZ208907.1	Chromosome		NW_018654709.1	novel-patch	181658	chr2_KZ208907v1_alt	2
GCF_000001405.40		PATCHES	2			KZ208908.1	Chromosome		NW_018654710.1	novel-patch	140361	chr2_KZ208908v1_alt	2
GCF_000001405.40		PATCHES	2			MU273337.1	Chromosome		NW_025791760.1	novel-patch	431782	chr2_MU273337v1_alt	2
GCF_000001405.40		PATCHES	2			MU273338.1	Chromosome		NW_025791761.1	novel-patch	535251	chr2_MU273338v1_alt	2
GCF_000001405.40		PATCHES	2			MU273339.1	Chromosome		NW_025791762.1	novel-patch	500581	chr2_MU273339v1_alt	2
GCF_000001405.40		PATCHES	2			MU273340.1	Chromosome		NW_025791763.1	novel-patch	284971	chr2_MU273340v1_alt	2
GCF_000001405.40		PATCHES	3			KN196475.1	Chromosome		NW_009646197.1	fix-patch	451168	chr3_KN196475v1_fix	1
GCF_000001405.40		PATCHES	3			KN196476.1	Chromosome		NW_009646198.1	fix-patch	305979	chr3_KN196476v1_fix	1
GCF_000001405.40		PATCHES	3			KN538364.1	Chromosome		NW_011332691.1	fix-patch	415308	chr3_KN538364v1_fix	1
GCF_000001405.40		PATCHES	3			KQ031385.1	Chromosome		NW_012132916.1	fix-patch	373699	chr3_KQ031385v1_fix	1
GCF_000001405.40		PATCHES	3			KQ031386.1	Chromosome		NW_012132917.1	fix-patch	165718	chr3_KQ031386v1_fix	1
GCF_000001405.40		PATCHES	3			KV766192.1	Chromosome		NW_017363813.1	fix-patch	411654	chr3_KV766192v1_fix	1
GCF_000001405.40		PATCHES	3			KZ559104.1	Chromosome		NW_019805491.1	fix-patch	105527	chr3_KZ559104v1_fix	1
GCF_000001405.40		PATCHES	3			MU273346.1	Chromosome		NW_025791769.1	fix-patch	469342	chr3_MU273346v1_fix	1
GCF_000001405.40		PATCHES	3			MU273347.1	Chromosome		NW_025791770.1	fix-patch	301310	chr3_MU273347v1_fix	1
GCF_000001405.40		PATCHES	3			MU273348.1	Chromosome		NW_025791771.1	fix-patch	475876	chr3_MU273348v1_fix	1
GCF_000001405.40		PATCHES	3			KZ208909.1	Chromosome		NW_018654711.1	novel-patch	175849	chr3_KZ208909v1_alt	1
GCF_000001405.40		PATCHES	3			KZ559101.1	Chromosome		NW_019805488.1	novel-patch	164041	chr3_KZ559101v1_alt	1
GCF_000001405.40		PATCHES	3			KZ559102.1	Chromosome		NW_019805489.1	novel-patch	197752	chr3_KZ559102v1_alt	1
GCF_000001405.40		PATCHES	3			KZ559103.1	Chromosome		NW_019805490.1	novel-patch	302885	chr3_KZ559103v1_alt	1
GCF_000001405.40		PATCHES	3			KZ559105.1	Chromosome		NW_019805492.1	novel-patch	195063	chr3_KZ559105v1_alt	1
GCF_000001405.40		PATCHES	3			ML143343.1	Chromosome		NW_021159989.1	novel-patch	215443	chr3_ML143343v1_alt	1
GCF_000001405.40		PATCHES	4			KQ983257.1	Chromosome		NW_015495300.1	fix-patch	230434	chr4_KQ983257v1_fix	1
GCF_000001405.40		PATCHES	4			ML143344.1	Chromosome		NW_021159990.1	fix-patch	235734	chr4_ML143344v1_fix	1
GCF_000001405.40		PATCHES	4			ML143345.1	Chromosome		NW_021159991.1	fix-patch	341066	chr4_ML143345v1_fix	1
GCF_000001405.40		PATCHES	4			ML143346.1	Chromosome		NW_021159992.1	fix-patch	53476	chr4_ML143346v1_fix	1
GCF_000001405.40		PATCHES	4			ML143347.1	Chromosome		NW_021159993.1	fix-patch	176674	chr4_ML143347v1_fix	1
GCF_000001405.40		PATCHES	4			ML143348.1	Chromosome		NW_021159994.1	fix-patch	125549	chr4_ML143348v1_fix	1
GCF_000001405.40		PATCHES	4			ML143349.1	Chromosome		NW_021159995.1	fix-patch	276109	chr4_ML143349v1_fix	1
GCF_000001405.40		PATCHES	4			MU273350.1	Chromosome		NW_025791773.1	fix-patch	113364	chr4_MU273350v1_fix	1
GCF_000001405.40		PATCHES	4			MU273351.1	Chromosome		NW_025791774.1	fix-patch	205691	chr4_MU273351v1_fix	1
GCF_000001405.40		PATCHES	4			KQ090013.1	Chromosome		NW_013171799.1	novel-patch	90922	chr4_KQ090013v1_alt	1
GCF_000001405.40		PATCHES	4			KQ090014.1	Chromosome		NW_013171800.1	novel-patch	163749	chr4_KQ090014v1_alt	1
GCF_000001405.40		PATCHES	4			KQ090015.1	Chromosome		NW_013171801.1	novel-patch	236512	chr4_KQ090015v1_alt	1
GCF_000001405.40		PATCHES	4			KQ983258.1	Chromosome		NW_015495301.1	novel-patch	205407	chr4_KQ983258v1_alt	1
GCF_000001405.40		PATCHES	4			KV766193.1	Chromosome		NW_017363814.1	novel-patch	420675	chr4_KV766193v1_alt	1
GCF_000001405.40		PATCHES	4			MU273349.1	Chromosome		NW_025791772.1	novel-patch	308682	chr4_MU273349v1_alt	1
GCF_000001405.40		PATCHES	5			KV575244.1	Chromosome		NW_016107298.1	fix-patch	673059	chr5_KV575244v1_fix	1
GCF_000001405.40		PATCHES	5			ML143350.1	Chromosome		NW_021159996.1	fix-patch	89956	chr5_ML143350v1_fix	1
GCF_000001405.40		PATCHES	5			MU273352.1	Chromosome		NW_025791775.1	fix-patch	34400	chr5_MU273352v1_fix	1
GCF_000001405.40		PATCHES	5			MU273353.1	Chromosome		NW_025791776.1	fix-patch	208405	chr5_MU273353v1_fix	1
GCF_000001405.40		PATCHES	5			MU273354.1	Chromosome		NW_025791777.1	fix-patch	2101585	chr5_MU273354v1_fix	1
GCF_000001405.40		PATCHES	5			MU273355.1	Chromosome		NW_025791778.1	fix-patch	508332	chr5_MU273355v1_fix	1
GCF_000001405.40		PATCHES	5			KN196477.1	Chromosome		NW_009646199.1	novel-patch	139087	chr5_KN196477v1_alt	1
GCF_000001405.40		PATCHES	5			KV575243.1	Chromosome		NW_016107297.1	novel-patch	362221	chr5_KV575243v1_alt	1
GCF_000001405.40		PATCHES	5			KZ208910.1	Chromosome		NW_018654712.1	novel-patch	135987	chr5_KZ208910v1_alt	1
GCF_000001405.40		PATCHES	5			MU273356.1	Chromosome		NW_025791779.1	novel-patch	302485	chr5_MU273356v1_alt	1
GCF_000001405.40		PATCHES	6			KN196478.1	Chromosome		NW_009646200.1	fix-patch	268330	chr6_KN196478v1_fix	
GCF_000001405.40		PATCHES	6			KQ031387.1	Chromosome		NW_012132918.1	fix-patch	320750	chr6_KQ031387v1_fix	
GCF_000001405.40		PATCHES	6			KQ090016.1	Chromosome		NW_013171802.1	fix-patch	245716	chr6_KQ090016v1_fix	
GCF_000001405.40		PATCHES	6			KV766194.1	Chromosome		NW_017363815.1	fix-patch	139427	chr6_KV766194v1_fix	
GCF_000001405.40		PATCHES	6			KZ208911.1	Chromosome		NW_018654713.1	fix-patch	242796	chr6_KZ208911v1_fix	
GCF_000001405.40		PATCHES	6			ML143351.1	Chromosome		NW_021159997.1	fix-patch	73265	chr6_ML143351v1_fix	
GCF_000001405.40		PATCHES	6			KQ090017.1	Chromosome		NW_013171803.1	novel-patch	82315	chr6_KQ090017v1_alt	
GCF_000001405.40		PATCHES	6			MU273357.1	Chromosome		NW_025791780.1	novel-patch	383128	chr6_MU273357v1_alt	
GCF_000001405.40		PATCHES	7			KQ031388.1	Chromosome		NW_012132919.1	fix-patch	179932	chr7_KQ031388v1_fix	
GCF_000001405.40		PATCHES	7			KV880764.1	Chromosome		NW_017852929.1	fix-patch	142129	chr7_KV880764v1_fix	
GCF_000001405.40		PATCHES	7			KV880765.1	Chromosome		NW_017852930.1	fix-patch	468267	chr7_KV880765v1_fix	
GCF_000001405.40		PATCHES	7			KZ208912.1	Chromosome		NW_018654714.1	fix-patch	589656	chr7_KZ208912v1_fix	
GCF_000001405.40		PATCHES	7			ML143352.1	Chromosome		NW_021159998.1	fix-patch	254759	chr7_ML143352v1_fix	
GCF_000001405.40		PATCHES	7			KZ208913.1	Chromosome		NW_018654715.1	novel-patch	680662	chr7_KZ208913v1_alt	
GCF_000001405.40		PATCHES	7			KZ559106.1	Chromosome		NW_019805493.1	novel-patch	172555	chr7_KZ559106v1_alt	
GCF_000001405.40		PATCHES	7			MU273358.1	Chromosome		NW_025791781.1	novel-patch	464417	chr7_MU273358v1_alt	
GCF_000001405.40		PATCHES	8			KV880766.1	Chromosome		NW_017852931.1	fix-patch	156998	chr8_KV880766v1_fix	
GCF_000001405.40		PATCHES	8			KV880767.1	Chromosome		NW_017852932.1	fix-patch	265876	chr8_KV880767v1_fix	
GCF_000001405.40		PATCHES	8			KZ208914.1	Chromosome		NW_018654716.1	fix-patch	165120	chr8_KZ208914v1_fix	
GCF_000001405.40		PATCHES	8			KZ208915.1	Chromosome		NW_018654717.1	fix-patch	6367528	chr8_KZ208915v1_fix	
GCF_000001405.40		PATCHES	8			MU273359.1	Chromosome		NW_025791782.1	fix-patch	150302	chr8_MU273359v1_fix	
GCF_000001405.40		PATCHES	8			MU273360.1	Chromosome		NW_025791783.1	fix-patch	39290	chr8_MU273360v1_fix	
GCF_000001405.40		PATCHES	8			MU273361.1	Chromosome		NW_025791784.1	fix-patch	106905	chr8_MU273361v1_fix	
GCF_000001405.40		PATCHES	8			MU273362.1	Chromosome		NW_025791785.1	fix-patch	429744	chr8_MU273362v1_fix	
GCF_000001405.40		PATCHES	8			MU273363.1	Chromosome		NW_025791786.1	fix-patch	207371	chr8_MU273363v1_fix	
GCF_000001405.40		PATCHES	8			KZ559107.1	Chromosome		NW_019805494.1	novel-patch	103072	chr8_KZ559107v1_alt	
GCF_000001405.40		PATCHES	9			KN196479.1	Chromosome		NW_009646201.1	fix-patch	330164	chr9_KN196479v1_fix	4
GCF_000001405.40		PATCHES	9			ML143353.1	Chromosome		NW_021159999.1	fix-patch	25408	chr9_ML143353v1_fix	4
GCF_000001405.40		PATCHES	9			MU273364.1	Chromosome		NW_025791787.1	fix-patch	340717	chr9_MU273364v1_fix	4
GCF_000001405.40		PATCHES	9			MU273365.1	Chromosome		NW_025791788.1	fix-patch	482250	chr9_MU273365v1_fix	4
GCF_000001405.40		PATCHES	9			MU273366.1	Chromosome		NW_025791789.1	fix-patch	569668	chr9_MU273366v1_fix	4
GCF_000001405.40		PATCHES	9			KQ090018.1	Chromosome		NW_013171804.1	novel-patch	163882	chr9_KQ090018v1_alt	4
GCF_000001405.40		PATCHES	9			KQ090019.1	Chromosome		NW_013171805.1	novel-patch	134099	chr9_KQ090019v1_alt	4
GCF_000001405.40		PATCHES	10			KN196480.1	Chromosome		NW_009646202.1	fix-patch	277797	chr10_KN196480v1_fix	
GCF_000001405.40		PATCHES	10			KN538365.1	Chromosome		NW_011332692.1	fix-patch	14347	chr10_KN538365v1_fix	
GCF_000001405.40		PATCHES	10			KN538366.1	Chromosome		NW_011332693.1	fix-patch	85284	chr10_KN538366v1_fix	
GCF_000001405.40		PATCHES	10			KN538367.1	Chromosome		NW_011332694.1	fix-patch	420164	chr10_KN538367v1_fix	
GCF_000001405.40		PATCHES	10			KQ090021.1	Chromosome		NW_013171807.1	fix-patch	264545	chr10_KQ090021v1_fix	
GCF_000001405.40		PATCHES	10			ML143354.1	Chromosome		NW_021160000.1	fix-patch	454963	chr10_ML143354v1_fix	
GCF_000001405.40		PATCHES	10			ML143355.1	Chromosome		NW_021160001.1	fix-patch	292944	chr10_ML143355v1_fix	
GCF_000001405.40		PATCHES	10			MU273367.1	Chromosome		NW_025791790.1	fix-patch	196262	chr10_MU273367v1_fix	
GCF_000001405.40		PATCHES	10			KQ090020.1	Chromosome		NW_013171806.1	novel-patch	185507	chr10_KQ090020v1_alt	
GCF_000001405.40		PATCHES	11			KN196481.1	Chromosome		NW_009646203.1	fix-patch	108875	chr11_KN196481v1_fix	
GCF_000001405.40		PATCHES	11			KQ090022.1	Chromosome		NW_013171808.1	fix-patch	181958	chr11_KQ090022v1_fix	
GCF_000001405.40		PATCHES	11			KQ759759.2	Chromosome		NW_015148966.2	fix-patch	204999	chr11_KQ759759v2_fix	
GCF_000001405.40		PATCHES	11			KV766195.1	Chromosome		NW_017363816.1	fix-patch	140877	chr11_KV766195v1_fix	
GCF_000001405.40		PATCHES	11			KZ559108.1	Chromosome		NW_019805495.1	fix-patch	305244	chr11_KZ559108v1_fix	
GCF_000001405.40		PATCHES	11			KZ559109.1	Chromosome		NW_019805496.1	fix-patch	279644	chr11_KZ559109v1_fix	
GCF_000001405.40		PATCHES	11			ML143356.1	Chromosome		NW_021160002.1	fix-patch	45257	chr11_ML143356v1_fix	
GCF_000001405.40		PATCHES	11			ML143357.1	Chromosome		NW_021160003.1	fix-patch	165419	chr11_ML143357v1_fix	
GCF_000001405.40		PATCHES	11			ML143358.1	Chromosome		NW_021160004.1	fix-patch	270122	chr11_ML143358v1_fix	
GCF_000001405.40		PATCHES	11			ML143359.1	Chromosome		NW_021160005.1	fix-patch	217075	chr11_ML143359v1_fix	
GCF_000001405.40		PATCHES	11			ML143360.1	Chromosome		NW_021160006.1	fix-patch	170928	chr11_ML143360v1_fix	
GCF_000001405.40		PATCHES	11			MU273369.1	Chromosome		NW_025791792.1	fix-patch	434831	chr11_MU273369v1_fix	
GCF_000001405.40		PATCHES	11			MU273370.1	Chromosome		NW_025791793.1	fix-patch	344606	chr11_MU273370v1_fix	
GCF_000001405.40		PATCHES	11			MU273371.1	Chromosome		NW_025791794.1	fix-patch	122722	chr11_MU273371v1_fix	
GCF_000001405.40		PATCHES	11			KN538368.1	Chromosome		NW_011332695.1	novel-patch	203552	chr11_KN538368v1_alt	
GCF_000001405.40		PATCHES	11			KZ559110.1	Chromosome		NW_019805497.1	novel-patch	301637	chr11_KZ559110v1_alt	
GCF_000001405.40		PATCHES	11			KZ559111.1	Chromosome		NW_019805498.1	novel-patch	181167	chr11_KZ559111v1_alt	
GCF_000001405.40		PATCHES	11			MU273368.1	Chromosome		NW_025791791.1	novel-patch	261194	chr11_MU273368v1_alt	
GCF_000001405.40		PATCHES	12			KN196482.1	Chromosome		NW_009646204.1	fix-patch	211377	chr12_KN196482v1_fix	
GCF_000001405.40		PATCHES	12			KN538369.1	Chromosome		NW_011332696.1	fix-patch	541038	chr12_KN538369v1_fix	
GCF_000001405.40		PATCHES	12			KN538370.1	Chromosome		NW_011332697.1	fix-patch	86533	chr12_KN538370v1_fix	
GCF_000001405.40		PATCHES	12			KQ759760.1	Chromosome		NW_015148967.1	fix-patch	315610	chr12_KQ759760v1_fix	
GCF_000001405.40		PATCHES	12			KZ208916.1	Chromosome		NW_018654718.1	fix-patch	1046838	chr12_KZ208916v1_fix	
GCF_000001405.40		PATCHES	12			KZ208917.1	Chromosome		NW_018654719.1	fix-patch	64689	chr12_KZ208917v1_fix	
GCF_000001405.40		PATCHES	12			ML143361.1	Chromosome		NW_021160007.1	fix-patch	297568	chr12_ML143361v1_fix	
GCF_000001405.40		PATCHES	12			ML143362.1	Chromosome		NW_021160008.1	fix-patch	192531	chr12_ML143362v1_fix	
GCF_000001405.40		PATCHES	12			MU273372.1	Chromosome		NW_025791795.1	fix-patch	104537	chr12_MU273372v1_fix	
GCF_000001405.40		PATCHES	12			KQ090023.1	Chromosome		NW_013171809.1	novel-patch	109323	chr12_KQ090023v1_alt	
GCF_000001405.40		PATCHES	12			KZ208918.1	Chromosome		NW_018654720.1	novel-patch	174808	chr12_KZ208918v1_alt	
GCF_000001405.40		PATCHES	12			KZ559112.1	Chromosome		NW_019805499.1	novel-patch	154139	chr12_KZ559112v1_alt	
GCF_000001405.40		PATCHES	13			KN196483.1	Chromosome		NW_009646205.1	fix-patch	35455	chr13_KN196483v1_fix	
GCF_000001405.40		PATCHES	13			KN538371.1	Chromosome		NW_011332698.1	fix-patch	206320	chr13_KN538371v1_fix	
GCF_000001405.40		PATCHES	13			KN538372.1	Chromosome		NW_011332699.1	fix-patch	356766	chr13_KN538372v1_fix	
GCF_000001405.40		PATCHES	13			KN538373.1	Chromosome		NW_011332700.1	fix-patch	148762	chr13_KN538373v1_fix	
GCF_000001405.40		PATCHES	13			ML143363.1	Chromosome		NW_021160009.1	fix-patch	7309	chr13_ML143363v1_fix	
GCF_000001405.40		PATCHES	13			ML143364.1	Chromosome		NW_021160010.1	fix-patch	158944	chr13_ML143364v1_fix	
GCF_000001405.40		PATCHES	13			ML143365.1	Chromosome		NW_021160011.1	fix-patch	65394	chr13_ML143365v1_fix	
GCF_000001405.40		PATCHES	13			ML143366.1	Chromosome		NW_021160012.1	fix-patch	409912	chr13_ML143366v1_fix	
GCF_000001405.40		PATCHES	13			KQ090024.1	Chromosome		NW_013171810.1	novel-patch	168146	chr13_KQ090024v1_alt	
GCF_000001405.40		PATCHES	13			KQ090025.1	Chromosome		NW_013171811.1	novel-patch	123480	chr13_KQ090025v1_alt	
GCF_000001405.40		PATCHES	14			KZ208920.1	Chromosome		NW_018654722.1	fix-patch	690932	chr14_KZ208920v1_fix	8
GCF_000001405.40		PATCHES	14			ML143367.1	Chromosome		NW_021160013.1	fix-patch	399183	chr14_ML143367v1_fix	8
GCF_000001405.40		PATCHES	14			MU273373.1	Chromosome		NW_025791796.1	fix-patch	722645	chr14_MU273373v1_fix	8
GCF_000001405.40		PATCHES	14			KZ208919.1	Chromosome		NW_018654721.1	novel-patch	171798	chr14_KZ208919v1_alt	8
GCF_000001405.40		PATCHES	14			ML143368.1	Chromosome		NW_021160014.1	novel-patch	264228	chr14_ML143368v1_alt	8
GCF_000001405.40		PATCHES	15			KN538374.1	Chromosome		NW_011332701.1	fix-patch	4998962	chr15_KN538374v1_fix	1
GCF_000001405.40		PATCHES	15			ML143369.1	Chromosome		NW_021160015.1	fix-patch	97763	chr15_ML143369v1_fix	1
GCF_000001405.40		PATCHES	15			ML143370.1	Chromosome		NW_021160016.1	fix-patch	369264	chr15_ML143370v1_fix	1
GCF_000001405.40		PATCHES	15			ML143371.1	Chromosome		NW_021160017.1	fix-patch	5500449	chr15_ML143371v1_fix	1
GCF_000001405.40		PATCHES	15			ML143372.1	Chromosome		NW_021160018.1	fix-patch	396515	chr15_ML143372v1_fix	1
GCF_000001405.40		PATCHES	15			MU273374.1	Chromosome		NW_025791797.1	fix-patch	1154574	chr15_MU273374v1_fix	1
GCF_000001405.40		PATCHES	15			KQ031389.1	Chromosome		NW_012132920.1	novel-patch	2365364	chr15_KQ031389v1_alt	1
GCF_000001405.40		PATCHES	15			MU273375.1	Chromosome		NW_025791798.1	novel-patch	204007	chr15_MU273375v1_alt	1
GCF_000001405.40		PATCHES	16			KV880768.1	Chromosome		NW_017852933.1	fix-patch	1927115	chr16_KV880768v1_fix	1
GCF_000001405.40		PATCHES	16			KZ559113.1	Chromosome		NW_019805500.1	fix-patch	480415	chr16_KZ559113v1_fix	1
GCF_000001405.40		PATCHES	16			ML143373.1	Chromosome		NW_021160019.1	fix-patch	270967	chr16_ML143373v1_fix	1
GCF_000001405.40		PATCHES	16			MU273376.1	Chromosome		NW_025791799.1	fix-patch	87715	chr16_MU273376v1_fix	1
GCF_000001405.40		PATCHES	16			MU273377.1	Chromosome		NW_025791800.1	fix-patch	334997	chr16_MU273377v1_fix	1
GCF_000001405.40		PATCHES	16			KQ031390.1	Chromosome		NW_012132921.1	novel-patch	169136	chr16_KQ031390v1_alt	1
GCF_000001405.40		PATCHES	16			KQ090026.1	Chromosome		NW_013171812.1	novel-patch	59016	chr16_KQ090026v1_alt	1
GCF_000001405.40		PATCHES	16			KQ090027.1	Chromosome		NW_013171813.1	novel-patch	267463	chr16_KQ090027v1_alt	1
GCF_000001405.40		PATCHES	16			KZ208921.1	Chromosome		NW_018654723.1	novel-patch	78609	chr16_KZ208921v1_alt	1
GCF_000001405.40		PATCHES	17			KV575245.1	Chromosome		NW_016107299.1	fix-patch	154723	chr17_KV575245v1_fix	3
GCF_000001405.40		PATCHES	17			KV766196.1	Chromosome		NW_017363817.1	fix-patch	281919	chr17_KV766196v1_fix	3
GCF_000001405.40		PATCHES	17			ML143374.1	Chromosome		NW_021160020.1	fix-patch	137908	chr17_ML143374v1_fix	3
GCF_000001405.40		PATCHES	17			ML143375.1	Chromosome		NW_021160021.1	fix-patch	56695	chr17_ML143375v1_fix	3
GCF_000001405.40		PATCHES	17			MU273379.1	Chromosome		NW_025791802.1	fix-patch	234878	chr17_MU273379v1_fix	3
GCF_000001405.40		PATCHES	17			MU273380.1	Chromosome		NW_025791803.1	fix-patch	538541	chr17_MU273380v1_fix	3
GCF_000001405.40		PATCHES	17			MU273381.1	Chromosome		NW_025791804.1	fix-patch	144689	chr17_MU273381v1_fix	3
GCF_000001405.40		PATCHES	17			MU273382.1	Chromosome		NW_025791805.1	fix-patch	187626	chr17_MU273382v1_fix	3
GCF_000001405.40		PATCHES	17			MU273383.1	Chromosome		NW_025791806.1	fix-patch	172609	chr17_MU273383v1_fix	3
GCF_000001405.40		PATCHES	17			KV766197.1	Chromosome		NW_017363818.1	novel-patch	246895	chr17_KV766197v1_alt	3
GCF_000001405.40		PATCHES	17			KV766198.1	Chromosome		NW_017363819.1	novel-patch	276292	chr17_KV766198v1_alt	3
GCF_000001405.40		PATCHES	17			KZ559114.1	Chromosome		NW_019805501.1	novel-patch	116753	chr17_KZ559114v1_alt	3
GCF_000001405.40		PATCHES	17			MU273378.1	Chromosome		NW_025791801.1	novel-patch	372839	chr17_MU273378v1_alt	3
GCF_000001405.40		PATCHES	18			KQ090028.1	Chromosome		NW_013171814.1	fix-patch	407387	chr18_KQ090028v1_fix	
GCF_000001405.40		PATCHES	18			KZ208922.1	Chromosome		NW_018654724.1	fix-patch	93070	chr18_KZ208922v1_fix	
GCF_000001405.40		PATCHES	18			KZ559115.1	Chromosome		NW_019805502.1	fix-patch	230843	chr18_KZ559115v1_fix	
GCF_000001405.40		PATCHES	18			KQ458385.1	Chromosome		NW_014040928.1	novel-patch	205101	chr18_KQ458385v1_alt	
GCF_000001405.40		PATCHES	18			KZ559116.1	Chromosome		NW_019805503.1	novel-patch	163186	chr18_KZ559116v1_alt	
GCF_000001405.40		PATCHES	19			KN196484.1	Chromosome		NW_009646206.1	fix-patch	370917	chr19_KN196484v1_fix	
GCF_000001405.40		PATCHES	19			KQ458386.1	Chromosome		NW_014040929.1	fix-patch	405389	chr19_KQ458386v1_fix	
GCF_000001405.40		PATCHES	19			ML143376.1	Chromosome		NW_021160022.1	fix-patch	493165	chr19_ML143376v1_fix	
GCF_000001405.40		PATCHES	19			MU273384.1	Chromosome		NW_025791807.1	fix-patch	333754	chr19_MU273384v1_fix	
GCF_000001405.40		PATCHES	19			MU273385.1	Chromosome		NW_025791808.1	fix-patch	137818	chr19_MU273385v1_fix	
GCF_000001405.40		PATCHES	19			MU273386.1	Chromosome		NW_025791809.1	fix-patch	226166	chr19_MU273386v1_fix	
GCF_000001405.40		PATCHES	19			KV575246.1	Chromosome		NW_016107300.1	novel-patch	163926	chr19_KV575246v1_alt	
GCF_000001405.40		PATCHES	19			KV575247.1	Chromosome		NW_016107301.1	novel-patch	170206	chr19_KV575247v1_alt	
GCF_000001405.40		PATCHES	19			KV575248.1	Chromosome		NW_016107302.1	novel-patch	168131	chr19_KV575248v1_alt	
GCF_000001405.40		PATCHES	19			KV575249.1	Chromosome		NW_016107303.1	novel-patch	293522	chr19_KV575249v1_alt	
GCF_000001405.40		PATCHES	19			KV575250.1	Chromosome		NW_016107304.1	novel-patch	241058	chr19_KV575250v1_alt	
GCF_000001405.40		PATCHES	19			KV575251.1	Chromosome		NW_016107305.1	novel-patch	159285	chr19_KV575251v1_alt	
GCF_000001405.40		PATCHES	19			KV575252.1	Chromosome		NW_016107306.1	novel-patch	178197	chr19_KV575252v1_alt	
GCF_000001405.40		PATCHES	19			KV575253.1	Chromosome		NW_016107307.1	novel-patch	166713	chr19_KV575253v1_alt	
GCF_000001405.40		PATCHES	19			KV575254.1	Chromosome		NW_016107308.1	novel-patch	99845	chr19_KV575254v1_alt	
GCF_000001405.40		PATCHES	19			KV575255.1	Chromosome		NW_016107309.1	novel-patch	161095	chr19_KV575255v1_alt	
GCF_000001405.40		PATCHES	19			KV575256.1	Chromosome		NW_016107310.1	novel-patch	223118	chr19_KV575256v1_alt	
GCF_000001405.40		PATCHES	19			KV575257.1	Chromosome		NW_016107311.1	novel-patch	100553	chr19_KV575257v1_alt	
GCF_000001405.40		PATCHES	19			KV575258.1	Chromosome		NW_016107312.1	novel-patch	156965	chr19_KV575258v1_alt	
GCF_000001405.40		PATCHES	19			KV575259.1	Chromosome		NW_016107313.1	novel-patch	171263	chr19_KV575259v1_alt	
GCF_000001405.40		PATCHES	19			KV575260.1	Chromosome		NW_016107314.1	novel-patch	145691	chr19_KV575260v1_alt	
GCF_000001405.40		PATCHES	19			MU273387.1	Chromosome		NW_025791810.1	novel-patch	89211	chr19_MU273387v1_alt	
GCF_000001405.40		PATCHES	20			MU273388.1	Chromosome		NW_025791811.1	fix-patch	273725	chr20_MU273388v1_fix	
GCF_000001405.40		PATCHES	20			MU273389.1	Chromosome		NW_025791812.1	fix-patch	355731	chr20_MU273389v1_fix	
GCF_000001405.40		PATCHES	21			ML143377.1	Chromosome		NW_021160023.1	fix-patch	519485	chr21_ML143377v1_fix	
GCF_000001405.40		PATCHES	21			MU273390.1	Chromosome		NW_025791813.1	fix-patch	336752	chr21_MU273390v1_fix	
GCF_000001405.40		PATCHES	21			MU273391.1	Chromosome		NW_025791814.1	fix-patch	1020778	chr21_MU273391v1_fix	
GCF_000001405.40		PATCHES	21			MU273392.1	Chromosome		NW_025791815.1	fix-patch	189707	chr21_MU273392v1_fix	
GCF_000001405.40		PATCHES	22			KQ759762.2	Chromosome		NW_015148969.2	fix-patch	101040	chr22_KQ759762v2_fix	8
GCF_000001405.40		PATCHES	22			ML143378.1	Chromosome		NW_021160024.1	fix-patch	461303	chr22_ML143378v1_fix	8
GCF_000001405.40		PATCHES	22			ML143379.1	Chromosome		NW_021160025.1	fix-patch	12295	chr22_ML143379v1_fix	8
GCF_000001405.40		PATCHES	22			ML143380.1	Chromosome		NW_021160026.1	fix-patch	412368	chr22_ML143380v1_fix	8
GCF_000001405.40		PATCHES	22			KN196485.1	Chromosome		NW_009646207.1	novel-patch	156562	chr22_KN196485v1_alt	8
GCF_000001405.40		PATCHES	22			KN196486.1	Chromosome		NW_009646208.1	novel-patch	153027	chr22_KN196486v1_alt	8
GCF_000001405.40		PATCHES	22			KQ458387.1	Chromosome		NW_014040930.1	novel-patch	155930	chr22_KQ458387v1_alt	8
GCF_000001405.40		PATCHES	22			KQ458388.1	Chromosome		NW_014040931.1	novel-patch	174749	chr22_KQ458388v1_alt	8
GCF_000001405.40		PATCHES	22			KQ759761.1	Chromosome		NW_015148968.1	novel-patch	145162	chr22_KQ759761v1_alt	8
GCF_000001405.40		PATCHES	X			ML143381.1	Chromosome		NW_021160027.1	fix-patch	403128	chrX_ML143381v1_fix	
GCF_000001405.40		PATCHES	X			ML143382.1	Chromosome		NW_021160028.1	fix-patch	28824	chrX_ML143382v1_fix	
GCF_000001405.40		PATCHES	X			ML143383.1	Chromosome		NW_021160029.1	fix-patch	68192	chrX_ML143383v1_fix	
GCF_000001405.40		PATCHES	X			ML143384.1	Chromosome		NW_021160030.1	fix-patch	14678	chrX_ML143384v1_fix	
GCF_000001405.40		PATCHES	X			ML143385.1	Chromosome		NW_021160031.1	fix-patch	17435	chrX_ML143385v1_fix	
GCF_000001405.40		PATCHES	X			MU273393.1	Chromosome		NW_025791816.1	fix-patch	68810	chrX_MU273393v1_fix	
GCF_000001405.40		PATCHES	X			MU273394.1	Chromosome		NW_025791817.1	fix-patch	140567	chrX_MU273394v1_fix	
GCF_000001405.40		PATCHES	X			KV766199.1	Chromosome		NW_017363820.1	novel-patch	188004	chrX_KV766199v1_alt	
GCF_000001405.40		PATCHES	X			MU273395.1	Chromosome		NW_025791818.1	novel-patch	619716	chrX_MU273395v1_alt	
GCF_000001405.40		PATCHES	X			MU273396.1	Chromosome		NW_025791819.1	novel-patch	294119	chrX_MU273396v1_alt	
GCF_000001405.40		PATCHES	X			MU273397.1	Chromosome		NW_025791820.1	novel-patch	330493	chrX_MU273397v1_alt	
GCF_000001405.40		PATCHES	Y			KN196487.1	Chromosome		NW_009646209.1	fix-patch	101150	chrY_KN196487v1_fix	1
GCF_000001405.40		PATCHES	Y			KZ208923.1	Chromosome		NW_018654725.1	fix-patch	48370	chrY_KZ208923v1_fix	1
GCF_000001405.40		PATCHES	Y			KZ208924.1	Chromosome		NW_018654726.1	fix-patch	209722	chrY_KZ208924v1_fix	1
GCF_000001405.40		PATCHES	Y			MU273398.1	Chromosome		NW_025791821.1	fix-patch	865743	chrY_MU273398v1_fix	1
GCF_000001405.40		ALT_REF_LOCI_1	1			GL383518.1	Chromosome		NW_003315905.1	alt-scaffold	182439	chr1_GL383518v1_alt	9
GCF_000001405.40		ALT_REF_LOCI_1	1			GL383519.1	Chromosome		NW_003315906.1	alt-scaffold	110268	chr1_GL383519v1_alt	9
GCF_000001405.40		ALT_REF_LOCI_1	1			GL383520.2	Chromosome		NW_003315907.2	alt-scaffold	366580	chr1_GL383520v2_alt	9
GCF_000001405.40		ALT_REF_LOCI_1	1			KI270759.1	Chromosome		NT_187516.1	alt-scaffold	425601	chr1_KI270759v1_alt	9
GCF_000001405.40		ALT_REF_LOCI_1	1			KI270760.1	Chromosome		NT_187514.1	alt-scaffold	109528	chr1_KI270760v1_alt	9
GCF_000001405.40		ALT_REF_LOCI_1	1			KI270761.1	Chromosome		NT_187518.1	alt-scaffold	165834	chr1_KI270761v1_alt	9
GCF_000001405.40		ALT_REF_LOCI_1	1			KI270762.1	Chromosome		NT_187515.1	alt-scaffold	354444	chr1_KI270762v1_alt	9
GCF_000001405.40		ALT_REF_LOCI_1	1			KI270763.1	Chromosome		NT_187519.1	alt-scaffold	911658	chr1_KI270763v1_alt	9
GCF_000001405.40		ALT_REF_LOCI_1	1			KI270764.1	Chromosome		NT_187521.1	alt-scaffold	50258	chr1_KI270764v1_alt	9
GCF_000001405.40		ALT_REF_LOCI_1	1			KI270765.1	Chromosome		NT_187520.1	alt-scaffold	185285	chr1_KI270765v1_alt	9
GCF_000001405.40		ALT_REF_LOCI_1	1			KI270766.1	Chromosome		NT_187517.1	alt-scaffold	256271	chr1_KI270766v1_alt	9
GCF_000001405.40		ALT_REF_LOCI_1	2			GL383521.1	Chromosome		NW_003315908.1	alt-scaffold	143390	chr2_GL383521v1_alt	2
GCF_000001405.40		ALT_REF_LOCI_1	2			GL383522.1	Chromosome		NW_003315909.1	alt-scaffold	123821	chr2_GL383522v1_alt	2
GCF_000001405.40		ALT_REF_LOCI_1	2			GL582966.2	Chromosome		NW_003571033.2	alt-scaffold	96131	chr2_GL582966v2_alt	2
GCF_000001405.40		ALT_REF_LOCI_1	2			KI270767.1	Chromosome		NT_187523.1	alt-scaffold	161578	chr2_KI270767v1_alt	2
GCF_000001405.40		ALT_REF_LOCI_1	2			KI270768.1	Chromosome		NT_187528.1	alt-scaffold	110099	chr2_KI270768v1_alt	2
GCF_000001405.40		ALT_REF_LOCI_1	2			KI270769.1	Chromosome		NT_187522.1	alt-scaffold	120616	chr2_KI270769v1_alt	2
GCF_000001405.40		ALT_REF_LOCI_1	2			KI270770.1	Chromosome		NT_187525.1	alt-scaffold	136240	chr2_KI270770v1_alt	2
GCF_000001405.40		ALT_REF_LOCI_1	2			KI270771.1	Chromosome		NT_187530.1	alt-scaffold	110395	chr2_KI270771v1_alt	2
GCF_000001405.40		ALT_REF_LOCI_1	2			KI270772.1	Chromosome		NT_187524.1	alt-scaffold	133041	chr2_KI270772v1_alt	2
GCF_000001405.40		ALT_REF_LOCI_1	2			KI270773.1	Chromosome		NT_187526.1	alt-scaffold	70887	chr2_KI270773v1_alt	2
GCF_000001405.40		ALT_REF_LOCI_1	2			KI270774.1	Chromosome		NT_187529.1	alt-scaffold	223625	chr2_KI270774v1_alt	2
GCF_000001405.40		ALT_REF_LOCI_1	2			KI270775.1	Chromosome		NT_187531.1	alt-scaffold	138019	chr2_KI270775v1_alt	2
GCF_000001405.40		ALT_REF_LOCI_1	2			KI270776.1	Chromosome		NT_187527.1	alt-scaffold	174166	chr2_KI270776v1_alt	2
GCF_000001405.40		ALT_REF_LOCI_1	3			GL383526.1	Chromosome		NW_003315913.1	alt-scaffold	180671	chr3_GL383526v1_alt	1
GCF_000001405.40		ALT_REF_LOCI_1	3			JH636055.2	Chromosome		NW_003871060.2	alt-scaffold	173151	chr3_JH636055v2_alt	1
GCF_000001405.40		ALT_REF_LOCI_1	3			KI270777.1	Chromosome		NT_187533.1	alt-scaffold	173649	chr3_KI270777v1_alt	1
GCF_000001405.40		ALT_REF_LOCI_1	3			KI270778.1	Chromosome		NT_187536.1	alt-scaffold	248252	chr3_KI270778v1_alt	1
GCF_000001405.40		ALT_REF_LOCI_1	3			KI270779.1	Chromosome		NT_187532.1	alt-scaffold	205312	chr3_KI270779v1_alt	1
GCF_000001405.40		ALT_REF_LOCI_1	3			KI270780.1	Chromosome		NT_187537.1	alt-scaffold	224108	chr3_KI270780v1_alt	1
GCF_000001405.40		ALT_REF_LOCI_1	3			KI270781.1	Chromosome		NT_187538.1	alt-scaffold	113034	chr3_KI270781v1_alt	1
GCF_000001405.40		ALT_REF_LOCI_1	3			KI270782.1	Chromosome		NT_187534.1	alt-scaffold	162429	chr3_KI270782v1_alt	1
GCF_000001405.40		ALT_REF_LOCI_1	3			KI270783.1	Chromosome		NT_187535.1	alt-scaffold	109187	chr3_KI270783v1_alt	1
GCF_000001405.40		ALT_REF_LOCI_1	3			KI270784.1	Chromosome		NT_187539.1	alt-scaffold	184404	chr3_KI270784v1_alt	1
GCF_000001405.40		ALT_REF_LOCI_1	4			GL000257.2	Chromosome		NT_167250.2	alt-scaffold	586476	chr4_GL000257v2_alt	1
GCF_000001405.40		ALT_REF_LOCI_1	4			GL383527.1	Chromosome		NW_003315914.1	alt-scaffold	164536	chr4_GL383527v1_alt	1
GCF_000001405.40		ALT_REF_LOCI_1	4			GL383528.1	Chromosome		NW_003315915.1	alt-scaffold	376187	chr4_GL383528v1_alt	1
GCF_000001405.40		ALT_REF_LOCI_1	4			KI270785.1	Chromosome		NT_187542.1	alt-scaffold	119912	chr4_KI270785v1_alt	1
GCF_000001405.40		ALT_REF_LOCI_1	4			KI270786.1	Chromosome		NT_187543.1	alt-scaffold	244096	chr4_KI270786v1_alt	1
GCF_000001405.40		ALT_REF_LOCI_1	4			KI270787.1	Chromosome		NT_187541.1	alt-scaffold	111943	chr4_KI270787v1_alt	1
GCF_000001405.40		ALT_REF_LOCI_1	4			KI270788.1	Chromosome		NT_187544.1	alt-scaffold	158965	chr4_KI270788v1_alt	1
GCF_000001405.40		ALT_REF_LOCI_1	4			KI270789.1	Chromosome		NT_187545.1	alt-scaffold	205944	chr4_KI270789v1_alt	1
GCF_000001405.40		ALT_REF_LOCI_1	4			KI270790.1	Chromosome		NT_187540.1	alt-scaffold	220246	chr4_KI270790v1_alt	1
GCF_000001405.40		ALT_REF_LOCI_1	5			GL339449.2	Chromosome		NW_003315917.2	alt-scaffold	1612928	chr5_GL339449v2_alt	1
GCF_000001405.40		ALT_REF_LOCI_1	5			GL383530.1	Chromosome		NW_003315918.1	alt-scaffold	101241	chr5_GL383530v1_alt	1
GCF_000001405.40		ALT_REF_LOCI_1	5			GL383531.1	Chromosome		NW_003315919.1	alt-scaffold	173459	chr5_GL383531v1_alt	1
GCF_000001405.40		ALT_REF_LOCI_1	5			GL383532.1	Chromosome		NW_003315920.1	alt-scaffold	82728	chr5_GL383532v1_alt	1
GCF_000001405.40		ALT_REF_LOCI_1	5			GL949742.1	Chromosome		NW_003571036.1	alt-scaffold	226852	chr5_GL949742v1_alt	1
GCF_000001405.40		ALT_REF_LOCI_1	5			KI270791.1	Chromosome		NT_187547.1	alt-scaffold	195710	chr5_KI270791v1_alt	1
GCF_000001405.40		ALT_REF_LOCI_1	5			KI270792.1	Chromosome		NT_187548.1	alt-scaffold	179043	chr5_KI270792v1_alt	1
GCF_000001405.40		ALT_REF_LOCI_1	5			KI270793.1	Chromosome		NT_187550.1	alt-scaffold	126136	chr5_KI270793v1_alt	1
GCF_000001405.40		ALT_REF_LOCI_1	5			KI270794.1	Chromosome		NT_187551.1	alt-scaffold	164558	chr5_KI270794v1_alt	1
GCF_000001405.40		ALT_REF_LOCI_1	5			KI270795.1	Chromosome		NT_187546.1	alt-scaffold	131892	chr5_KI270795v1_alt	1
GCF_000001405.40		ALT_REF_LOCI_1	5			KI270796.1	Chromosome		NT_187549.1	alt-scaffold	172708	chr5_KI270796v1_alt	1
GCF_000001405.40		ALT_REF_LOCI_1	6			GL000250.2	Chromosome		NT_167244.2	alt-scaffold	4672374	chr6_GL000250v2_alt	
GCF_000001405.40		ALT_REF_LOCI_1	6			GL383533.1	Chromosome		NW_003315921.1	alt-scaffold	124736	chr6_GL383533v1_alt	
GCF_000001405.40		ALT_REF_LOCI_1	6			KB021644.2	Chromosome		NW_004166862.2	alt-scaffold	185823	chr6_KB021644v2_alt	
GCF_000001405.40		ALT_REF_LOCI_1	6			KI270797.1	Chromosome		NT_187552.1	alt-scaffold	197536	chr6_KI270797v1_alt	
GCF_000001405.40		ALT_REF_LOCI_1	6			KI270798.1	Chromosome		NT_187553.1	alt-scaffold	271782	chr6_KI270798v1_alt	
GCF_000001405.40		ALT_REF_LOCI_1	6			KI270799.1	Chromosome		NT_187554.1	alt-scaffold	152148	chr6_KI270799v1_alt	
GCF_000001405.40		ALT_REF_LOCI_1	6			KI270800.1	Chromosome		NT_187555.1	alt-scaffold	175808	chr6_KI270800v1_alt	
GCF_000001405.40		ALT_REF_LOCI_1	6			KI270801.1	Chromosome		NT_187556.1	alt-scaffold	870480	chr6_KI270801v1_alt	
GCF_000001405.40		ALT_REF_LOCI_1	6			KI270802.1	Chromosome		NT_187557.1	alt-scaffold	75005	chr6_KI270802v1_alt	
GCF_000001405.40		ALT_REF_LOCI_1	7			GL383534.2	Chromosome		NW_003315922.2	alt-scaffold	119183	chr7_GL383534v2_alt	
GCF_000001405.40		ALT_REF_LOCI_1	7			KI270803.1	Chromosome		NT_187562.1	alt-scaffold	1111570	chr7_KI270803v1_alt	
GCF_000001405.40		ALT_REF_LOCI_1	7			KI270804.1	Chromosome		NT_187558.1	alt-scaffold	157952	chr7_KI270804v1_alt	
GCF_000001405.40		ALT_REF_LOCI_1	7			KI270805.1	Chromosome		NT_187560.1	alt-scaffold	209988	chr7_KI270805v1_alt	
GCF_000001405.40		ALT_REF_LOCI_1	7			KI270806.1	Chromosome		NT_187559.1	alt-scaffold	158166	chr7_KI270806v1_alt	
GCF_000001405.40		ALT_REF_LOCI_1	7			KI270807.1	Chromosome		NT_187563.1	alt-scaffold	126434	chr7_KI270807v1_alt	
GCF_000001405.40		ALT_REF_LOCI_1	7			KI270808.1	Chromosome		NT_187564.1	alt-scaffold	271455	chr7_KI270808v1_alt	
GCF_000001405.40		ALT_REF_LOCI_1	7			KI270809.1	Chromosome		NT_187561.1	alt-scaffold	209586	chr7_KI270809v1_alt	
GCF_000001405.40		ALT_REF_LOCI_1	8			KI270810.1	Chromosome		NT_187567.1	alt-scaffold	374415	chr8_KI270810v1_alt	
GCF_000001405.40		ALT_REF_LOCI_1	8			KI270811.1	Chromosome		NT_187565.1	alt-scaffold	292436	chr8_KI270811v1_alt	
GCF_000001405.40		ALT_REF_LOCI_1	8			KI270812.1	Chromosome		NT_187568.1	alt-scaffold	282736	chr8_KI270812v1_alt	
GCF_000001405.40		ALT_REF_LOCI_1	8			KI270813.1	Chromosome		NT_187570.1	alt-scaffold	300230	chr8_KI270813v1_alt	
GCF_000001405.40		ALT_REF_LOCI_1	8			KI270814.1	Chromosome		NT_187566.1	alt-scaffold	141812	chr8_KI270814v1_alt	
GCF_000001405.40		ALT_REF_LOCI_1	8			KI270815.1	Chromosome		NT_187569.1	alt-scaffold	132244	chr8_KI270815v1_alt	
GCF_000001405.40		ALT_REF_LOCI_1	8			KI270816.1	Chromosome		NT_187571.1	alt-scaffold	305841	chr8_KI270816v1_alt	
GCF_000001405.40		ALT_REF_LOCI_1	8			KI270817.1	Chromosome		NT_187573.1	alt-scaffold	158983	chr8_KI270817v1_alt	
GCF_000001405.40		ALT_REF_LOCI_1	8			KI270818.1	Chromosome		NT_187572.1	alt-scaffold	145606	chr8_KI270818v1_alt	
GCF_000001405.40		ALT_REF_LOCI_1	8			KI270819.1	Chromosome		NT_187574.1	alt-scaffold	133535	chr8_KI270819v1_alt	
GCF_000001405.40		ALT_REF_LOCI_1	8			KI270820.1	Chromosome		NT_187575.1	alt-scaffold	36640	chr8_KI270820v1_alt	
GCF_000001405.40		ALT_REF_LOCI_1	8			KI270821.1	Chromosome		NT_187576.1	alt-scaffold	985506	chr8_KI270821v1_alt	
GCF_000001405.40		ALT_REF_LOCI_1	8			KI270822.1	Chromosome		NT_187577.1	alt-scaffold	624492	chr8_KI270822v1_alt	
GCF_000001405.40		ALT_REF_LOCI_1	9			GL383539.1	Chromosome		NW_003315928.1	alt-scaffold	162988	chr9_GL383539v1_alt	4
GCF_000001405.40		ALT_REF_LOCI_1	9			GL383540.1	Chromosome		NW_003315929.1	alt-scaffold	71551	chr9_GL383540v1_alt	4
GCF_000001405.40		ALT_REF_LOCI_1	9			GL383541.1	Chromosome		NW_003315930.1	alt-scaffold	171286	chr9_GL383541v1_alt	4
GCF_000001405.40		ALT_REF_LOCI_1	9			GL383542.1	Chromosome		NW_003315931.1	alt-scaffold	60032	chr9_GL383542v1_alt	4
GCF_000001405.40		ALT_REF_LOCI_1	9			KI270823.1	Chromosome		NT_187578.1	alt-scaffold	439082	chr9_KI270823v1_alt	4
GCF_000001405.40		ALT_REF_LOCI_1	10			GL383545.1	Chromosome		NW_003315934.1	alt-scaffold	179254	chr10_GL383545v1_alt	
GCF_000001405.40		ALT_REF_LOCI_1	10			GL383546.1	Chromosome		NW_003315935.1	alt-scaffold	309802	chr10_GL383546v1_alt	
GCF_000001405.40		ALT_REF_LOCI_1	10			KI270824.1	Chromosome		NT_187579.1	alt-scaffold	181496	chr10_KI270824v1_alt	
GCF_000001405.40		ALT_REF_LOCI_1	11			GL383547.1	Chromosome		NW_003315936.1	alt-scaffold	154407	chr11_GL383547v1_alt	
GCF_000001405.40		ALT_REF_LOCI_1	11			JH159136.1	Chromosome		NW_003871073.1	alt-scaffold	200998	chr11_JH159136v1_alt	
GCF_000001405.40		ALT_REF_LOCI_1	11			JH159137.1	Chromosome		NW_003871074.1	alt-scaffold	191409	chr11_JH159137v1_alt	
GCF_000001405.40		ALT_REF_LOCI_1	11			KI270826.1	Chromosome		NT_187581.1	alt-scaffold	186169	chr11_KI270826v1_alt	
GCF_000001405.40		ALT_REF_LOCI_1	11			KI270827.1	Chromosome		NT_187582.1	alt-scaffold	67707	chr11_KI270827v1_alt	
GCF_000001405.40		ALT_REF_LOCI_1	11			KI270829.1	Chromosome		NT_187583.1	alt-scaffold	204059	chr11_KI270829v1_alt	
GCF_000001405.40		ALT_REF_LOCI_1	11			KI270830.1	Chromosome		NT_187584.1	alt-scaffold	177092	chr11_KI270830v1_alt	
GCF_000001405.40		ALT_REF_LOCI_1	11			KI270831.1	Chromosome		NT_187585.1	alt-scaffold	296895	chr11_KI270831v1_alt	
GCF_000001405.40		ALT_REF_LOCI_1	11			KI270832.1	Chromosome		NT_187586.1	alt-scaffold	210133	chr11_KI270832v1_alt	
GCF_000001405.40		ALT_REF_LOCI_1	12			GL383549.1	Chromosome		NW_003315938.1	alt-scaffold	120804	chr12_GL383549v1_alt	
GCF_000001405.40		ALT_REF_LOCI_1	12			GL383550.2	Chromosome		NW_003315939.2	alt-scaffold	169178	chr12_GL383550v2_alt	
GCF_000001405.40		ALT_REF_LOCI_1	12			GL383551.1	Chromosome		NW_003315940.1	alt-scaffold	184319	chr12_GL383551v1_alt	
GCF_000001405.40		ALT_REF_LOCI_1	12			GL383552.1	Chromosome		NW_003315941.1	alt-scaffold	138655	chr12_GL383552v1_alt	
GCF_000001405.40		ALT_REF_LOCI_1	12			GL383553.2	Chromosome		NW_003315942.2	alt-scaffold	152874	chr12_GL383553v2_alt	
GCF_000001405.40		ALT_REF_LOCI_1	12			GL877875.1	Chromosome		NW_003571049.1	alt-scaffold	167313	chr12_GL877875v1_alt	
GCF_000001405.40		ALT_REF_LOCI_1	12			GL877876.1	Chromosome		NW_003571050.1	alt-scaffold	408271	chr12_GL877876v1_alt	
GCF_000001405.40		ALT_REF_LOCI_1	12			KI270833.1	Chromosome		NT_187589.1	alt-scaffold	76061	chr12_KI270833v1_alt	
GCF_000001405.40		ALT_REF_LOCI_1	12			KI270834.1	Chromosome		NT_187590.1	alt-scaffold	119498	chr12_KI270834v1_alt	
GCF_000001405.40		ALT_REF_LOCI_1	12			KI270835.1	Chromosome		NT_187587.1	alt-scaffold	238139	chr12_KI270835v1_alt	
GCF_000001405.40		ALT_REF_LOCI_1	12			KI270836.1	Chromosome		NT_187591.1	alt-scaffold	56134	chr12_KI270836v1_alt	
GCF_000001405.40		ALT_REF_LOCI_1	12			KI270837.1	Chromosome		NT_187588.1	alt-scaffold	40090	chr12_KI270837v1_alt	
GCF_000001405.40		ALT_REF_LOCI_1	13			KI270838.1	Chromosome		NT_187592.1	alt-scaffold	306913	chr13_KI270838v1_alt	
GCF_000001405.40		ALT_REF_LOCI_1	13			KI270839.1	Chromosome		NT_187593.1	alt-scaffold	180306	chr13_KI270839v1_alt	
GCF_000001405.40		ALT_REF_LOCI_1	13			KI270840.1	Chromosome		NT_187594.1	alt-scaffold	191684	chr13_KI270840v1_alt	
GCF_000001405.40		ALT_REF_LOCI_1	13			KI270841.1	Chromosome		NT_187595.1	alt-scaffold	169134	chr13_KI270841v1_alt	
GCF_000001405.40		ALT_REF_LOCI_1	13			KI270842.1	Chromosome		NT_187596.1	alt-scaffold	37287	chr13_KI270842v1_alt	
GCF_000001405.40		ALT_REF_LOCI_1	13			KI270843.1	Chromosome		NT_187597.1	alt-scaffold	103832	chr13_KI270843v1_alt	
GCF_000001405.40		ALT_REF_LOCI_1	14			KI270844.1	Chromosome		NT_187598.1	alt-scaffold	322166	chr14_KI270844v1_alt	8
GCF_000001405.40		ALT_REF_LOCI_1	14			KI270845.1	Chromosome		NT_187599.1	alt-scaffold	180703	chr14_KI270845v1_alt	8
GCF_000001405.40		ALT_REF_LOCI_1	14			KI270846.1	Chromosome		NT_187600.1	alt-scaffold	1351393	chr14_KI270846v1_alt	8
GCF_000001405.40		ALT_REF_LOCI_1	14			KI270847.1	Chromosome		NT_187601.1	alt-scaffold	1511111	chr14_KI270847v1_alt	8
GCF_000001405.40		ALT_REF_LOCI_1	15			GL383554.1	Chromosome		NW_003315943.1	alt-scaffold	296527	chr15_GL383554v1_alt	1
GCF_000001405.40		ALT_REF_LOCI_1	15			GL383555.2	Chromosome		NW_003315944.2	alt-scaffold	388773	chr15_GL383555v2_alt	1
GCF_000001405.40		ALT_REF_LOCI_1	15			KI270848.1	Chromosome		NT_187603.1	alt-scaffold	327382	chr15_KI270848v1_alt	1
GCF_000001405.40		ALT_REF_LOCI_1	15			KI270849.1	Chromosome		NT_187605.1	alt-scaffold	244917	chr15_KI270849v1_alt	1
GCF_000001405.40		ALT_REF_LOCI_1	15			KI270850.1	Chromosome		NT_187606.1	alt-scaffold	430880	chr15_KI270850v1_alt	1
GCF_000001405.40		ALT_REF_LOCI_1	15			KI270851.1	Chromosome		NT_187604.1	alt-scaffold	263054	chr15_KI270851v1_alt	1
GCF_000001405.40		ALT_REF_LOCI_1	15			KI270852.1	Chromosome		NT_187602.1	alt-scaffold	478999	chr15_KI270852v1_alt	1
GCF_000001405.40		ALT_REF_LOCI_1	16			GL383556.1	Chromosome		NW_003315945.1	alt-scaffold	192462	chr16_GL383556v1_alt	1
GCF_000001405.40		ALT_REF_LOCI_1	16			GL383557.1	Chromosome		NW_003315946.1	alt-scaffold	89672	chr16_GL383557v1_alt	1
GCF_000001405.40		ALT_REF_LOCI_1	16			KI270853.1	Chromosome		NT_187607.1	alt-scaffold	2659700	chr16_KI270853v1_alt	1
GCF_000001405.40		ALT_REF_LOCI_1	16			KI270854.1	Chromosome		NT_187610.1	alt-scaffold	134193	chr16_KI270854v1_alt	1
GCF_000001405.40		ALT_REF_LOCI_1	16			KI270855.1	Chromosome		NT_187608.1	alt-scaffold	232857	chr16_KI270855v1_alt	1
GCF_000001405.40		ALT_REF_LOCI_1	16			KI270856.1	Chromosome		NT_187609.1	alt-scaffold	63982	chr16_KI270856v1_alt	1
GCF_000001405.40		ALT_REF_LOCI_1	17			GL000258.2	Chromosome		NT_167251.2	alt-scaffold	1821992	chr17_GL000258v2_alt	3
GCF_000001405.40		ALT_REF_LOCI_1	17			GL383563.3	Chromosome		NW_003315952.3	alt-scaffold	375691	chr17_GL383563v3_alt	3
GCF_000001405.40		ALT_REF_LOCI_1	17			GL383564.2	Chromosome		NW_003315953.2	alt-scaffold	133151	chr17_GL383564v2_alt	3
GCF_000001405.40		ALT_REF_LOCI_1	17			GL383565.1	Chromosome		NW_003315954.1	alt-scaffold	223995	chr17_GL383565v1_alt	3
GCF_000001405.40		ALT_REF_LOCI_1	17			GL383566.1	Chromosome		NW_003315955.1	alt-scaffold	90219	chr17_GL383566v1_alt	3
GCF_000001405.40		ALT_REF_LOCI_1	17			JH159146.1	Chromosome		NW_003871091.1	alt-scaffold	278131	chr17_JH159146v1_alt	3
GCF_000001405.40		ALT_REF_LOCI_1	17			JH159147.1	Chromosome		NW_003871092.1	alt-scaffold	70345	chr17_JH159147v1_alt	3
GCF_000001405.40		ALT_REF_LOCI_1	17			KI270857.1	Chromosome		NT_187614.1	alt-scaffold	2877074	chr17_KI270857v1_alt	3
GCF_000001405.40		ALT_REF_LOCI_1	17			KI270858.1	Chromosome		NT_187615.1	alt-scaffold	235827	chr17_KI270858v1_alt	3
GCF_000001405.40		ALT_REF_LOCI_1	17			KI270859.1	Chromosome		NT_187616.1	alt-scaffold	108763	chr17_KI270859v1_alt	3
GCF_000001405.40		ALT_REF_LOCI_1	17			KI270860.1	Chromosome		NT_187612.1	alt-scaffold	178921	chr17_KI270860v1_alt	3
GCF_000001405.40		ALT_REF_LOCI_1	17			KI270861.1	Chromosome		NT_187611.1	alt-scaffold	196688	chr17_KI270861v1_alt	3
GCF_000001405.40		ALT_REF_LOCI_1	17			KI270862.1	Chromosome		NT_187613.1	alt-scaffold	391357	chr17_KI270862v1_alt	3
GCF_000001405.40		ALT_REF_LOCI_1	18			GL383567.1	Chromosome		NW_003315956.1	alt-scaffold	289831	chr18_GL383567v1_alt	
GCF_000001405.40		ALT_REF_LOCI_1	18			GL383568.1	Chromosome		NW_003315957.1	alt-scaffold	104552	chr18_GL383568v1_alt	
GCF_000001405.40		ALT_REF_LOCI_1	18			GL383569.1	Chromosome		NW_003315958.1	alt-scaffold	167950	chr18_GL383569v1_alt	
GCF_000001405.40		ALT_REF_LOCI_1	18			GL383570.1	Chromosome		NW_003315959.1	alt-scaffold	164789	chr18_GL383570v1_alt	
GCF_000001405.40		ALT_REF_LOCI_1	18			GL383571.1	Chromosome		NW_003315960.1	alt-scaffold	198278	chr18_GL383571v1_alt	
GCF_000001405.40		ALT_REF_LOCI_1	18			GL383572.1	Chromosome		NW_003315961.1	alt-scaffold	159547	chr18_GL383572v1_alt	
GCF_000001405.40		ALT_REF_LOCI_1	18			KI270863.1	Chromosome		NT_187617.1	alt-scaffold	167999	chr18_KI270863v1_alt	
GCF_000001405.40		ALT_REF_LOCI_1	18			KI270864.1	Chromosome		NT_187618.1	alt-scaffold	111737	chr18_KI270864v1_alt	
GCF_000001405.40		ALT_REF_LOCI_1	19			GL383573.1	Chromosome		NW_003315962.1	alt-scaffold	385657	chr19_GL383573v1_alt	
GCF_000001405.40		ALT_REF_LOCI_1	19			GL383574.1	Chromosome		NW_003315963.1	alt-scaffold	155864	chr19_GL383574v1_alt	
GCF_000001405.40		ALT_REF_LOCI_1	19			GL383575.2	Chromosome		NW_003315964.2	alt-scaffold	170222	chr19_GL383575v2_alt	
GCF_000001405.40		ALT_REF_LOCI_1	19			GL383576.1	Chromosome		NW_003315965.1	alt-scaffold	188024	chr19_GL383576v1_alt	
GCF_000001405.40		ALT_REF_LOCI_1	19			GL949746.1	Chromosome		NW_003571054.1	alt-scaffold	987716	chr19_GL949746v1_alt	
GCF_000001405.40		ALT_REF_LOCI_1	19			KI270865.1	Chromosome		NT_187621.1	alt-scaffold	52969	chr19_KI270865v1_alt	
GCF_000001405.40		ALT_REF_LOCI_1	19			KI270866.1	Chromosome		NT_187619.1	alt-scaffold	43156	chr19_KI270866v1_alt	
GCF_000001405.40		ALT_REF_LOCI_1	19			KI270867.1	Chromosome		NT_187620.1	alt-scaffold	233762	chr19_KI270867v1_alt	
GCF_000001405.40		ALT_REF_LOCI_1	19			KI270868.1	Chromosome		NT_187622.1	alt-scaffold	61734	chr19_KI270868v1_alt	
GCF_000001405.40		ALT_REF_LOCI_1	20			GL383577.2	Chromosome		NW_003315966.2	alt-scaffold	128386	chr20_GL383577v2_alt	
GCF_000001405.40		ALT_REF_LOCI_1	20			KI270869.1	Chromosome		NT_187623.1	alt-scaffold	118774	chr20_KI270869v1_alt	
GCF_000001405.40		ALT_REF_LOCI_1	20			KI270870.1	Chromosome		NT_187624.1	alt-scaffold	183433	chr20_KI270870v1_alt	
GCF_000001405.40		ALT_REF_LOCI_1	20			KI270871.1	Chromosome		NT_187625.1	alt-scaffold	58661	chr20_KI270871v1_alt	
GCF_000001405.40		ALT_REF_LOCI_1	21			GL383578.2	Chromosome		NW_003315967.2	alt-scaffold	63917	chr21_GL383578v2_alt	
GCF_000001405.40		ALT_REF_LOCI_1	21			GL383579.2	Chromosome		NW_003315968.2	alt-scaffold	201197	chr21_GL383579v2_alt	
GCF_000001405.40		ALT_REF_LOCI_1	21			GL383580.2	Chromosome		NW_003315969.2	alt-scaffold	74653	chr21_GL383580v2_alt	
GCF_000001405.40		ALT_REF_LOCI_1	21			GL383581.2	Chromosome		NW_003315970.2	alt-scaffold	116689	chr21_GL383581v2_alt	
GCF_000001405.40		ALT_REF_LOCI_1	21			KI270872.1	Chromosome		NT_187626.1	alt-scaffold	82692	chr21_KI270872v1_alt	
GCF_000001405.40		ALT_REF_LOCI_1	21			KI270873.1	Chromosome		NT_187627.1	alt-scaffold	143900	chr21_KI270873v1_alt	
GCF_000001405.40		ALT_REF_LOCI_1	21			KI270874.1	Chromosome		NT_187628.1	alt-scaffold	166743	chr21_KI270874v1_alt	
GCF_000001405.40		ALT_REF_LOCI_1	22			GL383582.2	Chromosome		NW_003315971.2	alt-scaffold	162811	chr22_GL383582v2_alt	8
GCF_000001405.40		ALT_REF_LOCI_1	22			GL383583.2	Chromosome		NW_003315972.2	alt-scaffold	96924	chr22_GL383583v2_alt	8
GCF_000001405.40		ALT_REF_LOCI_1	22			KI270875.1	Chromosome		NT_187629.1	alt-scaffold	259914	chr22_KI270875v1_alt	8
GCF_000001405.40		ALT_REF_LOCI_1	22			KI270876.1	Chromosome		NT_187630.1	alt-scaffold	263666	chr22_KI270876v1_alt	8
GCF_000001405.40		ALT_REF_LOCI_1	22			KI270877.1	Chromosome		NT_187631.1	alt-scaffold	101331	chr22_KI270877v1_alt	8
GCF_000001405.40		ALT_REF_LOCI_1	22			KI270878.1	Chromosome		NT_187632.1	alt-scaffold	186262	chr22_KI270878v1_alt	8
GCF_000001405.40		ALT_REF_LOCI_1	22			KI270879.1	Chromosome		NT_187633.1	alt-scaffold	304135	chr22_KI270879v1_alt	8
GCF_000001405.40		ALT_REF_LOCI_1	X			KI270880.1	Chromosome		NT_187634.1	alt-scaffold	284869	chrX_KI270880v1_alt	
GCF_000001405.40		ALT_REF_LOCI_1	X			KI270881.1	Chromosome		NT_187635.1	alt-scaffold	144206	chrX_KI270881v1_alt	
GCF_000001405.40		ALT_REF_LOCI_2	1			KI270892.1	Chromosome		NT_187646.1	alt-scaffold	162212	chr1_KI270892v1_alt	9
GCF_000001405.40		ALT_REF_LOCI_2	2			KI270893.1	Chromosome		NT_187647.1	alt-scaffold	161218	chr2_KI270893v1_alt	2
GCF_000001405.40		ALT_REF_LOCI_2	2			KI270894.1	Chromosome		NT_187648.1	alt-scaffold	214158	chr2_KI270894v1_alt	2
GCF_000001405.40		ALT_REF_LOCI_2	3			KI270895.1	Chromosome		NT_187649.1	alt-scaffold	162896	chr3_KI270895v1_alt	1
GCF_000001405.40		ALT_REF_LOCI_2	4			KI270896.1	Chromosome		NT_187650.1	alt-scaffold	378547	chr4_KI270896v1_alt	1
GCF_000001405.40		ALT_REF_LOCI_2	5			KI270897.1	Chromosome		NT_187651.1	alt-scaffold	1144418	chr5_KI270897v1_alt	1
GCF_000001405.40		ALT_REF_LOCI_2	5			KI270898.1	Chromosome		NT_187652.1	alt-scaffold	130957	chr5_KI270898v1_alt	1
GCF_000001405.40		ALT_REF_LOCI_2	6			GL000251.2	Chromosome		NT_113891.3	alt-scaffold	4795265	chr6_GL000251v2_alt	
GCF_000001405.40		ALT_REF_LOCI_2	7			KI270899.1	Chromosome		NT_187653.1	alt-scaffold	190869	chr7_KI270899v1_alt	
GCF_000001405.40		ALT_REF_LOCI_2	8			KI270900.1	Chromosome		NT_187654.1	alt-scaffold	318687	chr8_KI270900v1_alt	
GCF_000001405.40		ALT_REF_LOCI_2	8			KI270901.1	Chromosome		NT_187655.1	alt-scaffold	136959	chr8_KI270901v1_alt	
GCF_000001405.40		ALT_REF_LOCI_2	11			KI270902.1	Chromosome		NT_187656.1	alt-scaffold	106711	chr11_KI270902v1_alt	
GCF_000001405.40		ALT_REF_LOCI_2	11			KI270903.1	Chromosome		NT_187657.1	alt-scaffold	214625	chr11_KI270903v1_alt	
GCF_000001405.40		ALT_REF_LOCI_2	12			KI270904.1	Chromosome		NT_187658.1	alt-scaffold	572349	chr12_KI270904v1_alt	
GCF_000001405.40		ALT_REF_LOCI_2	15			KI270905.1	Chromosome		NT_187660.1	alt-scaffold	5161414	chr15_KI270905v1_alt	1
GCF_000001405.40		ALT_REF_LOCI_2	15			KI270906.1	Chromosome		NT_187659.1	alt-scaffold	196384	chr15_KI270906v1_alt	1
GCF_000001405.40		ALT_REF_LOCI_2	17			JH159148.1	Chromosome		NW_003871093.1	alt-scaffold	88070	chr17_JH159148v1_alt	3
GCF_000001405.40		ALT_REF_LOCI_2	17			KI270907.1	Chromosome		NT_187662.1	alt-scaffold	137721	chr17_KI270907v1_alt	3
GCF_000001405.40		ALT_REF_LOCI_2	17			KI270908.1	Chromosome		NT_187663.1	alt-scaffold	1423190	chr17_KI270908v1_alt	3
GCF_000001405.40		ALT_REF_LOCI_2	17			KI270909.1	Chromosome		NT_187661.1	alt-scaffold	325800	chr17_KI270909v1_alt	3
GCF_000001405.40		ALT_REF_LOCI_2	17			KI270910.1	Chromosome		NT_187664.1	alt-scaffold	157099	chr17_KI270910v1_alt	3
GCF_000001405.40		ALT_REF_LOCI_2	18			KI270911.1	Chromosome		NT_187666.1	alt-scaffold	157710	chr18_KI270911v1_alt	
GCF_000001405.40		ALT_REF_LOCI_2	18			KI270912.1	Chromosome		NT_187665.1	alt-scaffold	174061	chr18_KI270912v1_alt	
GCF_000001405.40		ALT_REF_LOCI_2	19			GL949747.2	Chromosome		NW_003571055.2	alt-scaffold	729520	chr19_GL949747v2_alt	
GCF_000001405.40		ALT_REF_LOCI_2	22			KB663609.1	Chromosome		NW_004504305.1	alt-scaffold	74013	chr22_KB663609v1_alt	8
GCF_000001405.40		ALT_REF_LOCI_2	X			KI270913.1	Chromosome		NT_187667.1	alt-scaffold	274009	chrX_KI270913v1_alt	
GCF_000001405.40		ALT_REF_LOCI_3	3			KI270924.1	Chromosome		NT_187678.1	alt-scaffold	166540	chr3_KI270924v1_alt	1
GCF_000001405.40		ALT_REF_LOCI_3	4			KI270925.1	Chromosome		NT_187679.1	alt-scaffold	555799	chr4_KI270925v1_alt	1
GCF_000001405.40		ALT_REF_LOCI_3	6			GL000252.2	Chromosome		NT_167245.2	alt-scaffold	4604811	chr6_GL000252v2_alt	
GCF_000001405.40		ALT_REF_LOCI_3	8			KI270926.1	Chromosome		NT_187680.1	alt-scaffold	229282	chr8_KI270926v1_alt	
GCF_000001405.40		ALT_REF_LOCI_3	11			KI270927.1	Chromosome		NT_187681.1	alt-scaffold	218612	chr11_KI270927v1_alt	
GCF_000001405.40		ALT_REF_LOCI_3	19			GL949748.2	Chromosome		NW_003571056.2	alt-scaffold	1064304	chr19_GL949748v2_alt	
GCF_000001405.40		ALT_REF_LOCI_3	22			KI270928.1	Chromosome		NT_187682.1	alt-scaffold	176103	chr22_KI270928v1_alt	8
GCF_000001405.40		ALT_REF_LOCI_4	3			KI270934.1	Chromosome		NT_187688.1	alt-scaffold	163458	chr3_KI270934v1_alt	1
GCF_000001405.40		ALT_REF_LOCI_4	6			GL000253.2	Chromosome		NT_167246.2	alt-scaffold	4677643	chr6_GL000253v2_alt	
GCF_000001405.40		ALT_REF_LOCI_4	19			GL949749.2	Chromosome		NW_003571057.2	alt-scaffold	1091841	chr19_GL949749v2_alt	
GCF_000001405.40		ALT_REF_LOCI_5	3			KI270935.1	Chromosome		NT_187689.1	alt-scaffold	197351	chr3_KI270935v1_alt	1
GCF_000001405.40		ALT_REF_LOCI_5	6			GL000254.2	Chromosome		NT_167247.2	alt-scaffold	4827813	chr6_GL000254v2_alt	
GCF_000001405.40		ALT_REF_LOCI_5	19			GL949750.2	Chromosome		NW_003571058.2	alt-scaffold	1066390	chr19_GL949750v2_alt	
GCF_000001405.40		ALT_REF_LOCI_6	3			KI270936.1	Chromosome		NT_187690.1	alt-scaffold	164170	chr3_KI270936v1_alt	1
GCF_000001405.40		ALT_REF_LOCI_6	6			GL000255.2	Chromosome		NT_167248.2	alt-scaffold	4606388	chr6_GL000255v2_alt	
GCF_000001405.40		ALT_REF_LOCI_6	19			GL949751.2	Chromosome		NW_003571059.2	alt-scaffold	1002683	chr19_GL949751v2_alt	
GCF_000001405.40		ALT_REF_LOCI_7	3			KI270937.1	Chromosome		NT_187691.1	alt-scaffold	165607	chr3_KI270937v1_alt	1
GCF_000001405.40		ALT_REF_LOCI_7	6			GL000256.2	Chromosome		NT_167249.2	alt-scaffold	4929269	chr6_GL000256v2_alt	
GCF_000001405.40		ALT_REF_LOCI_7	19			GL949752.1	Chromosome		NW_003571060.1	alt-scaffold	987100	chr19_GL949752v1_alt	
GCF_000001405.40		ALT_REF_LOCI_8	6			KI270758.1	Chromosome		NT_187692.1	alt-scaffold	76752	chr6_KI270758v1_alt	
GCF_000001405.40		ALT_REF_LOCI_8	19			GL949753.2	Chromosome		NW_003571061.2	alt-scaffold	796479	chr19_GL949753v2_alt	
GCF_000001405.40		ALT_REF_LOCI_9	19			KI270938.1	Chromosome		NT_187693.1	alt-scaffold	1066800	chr19_KI270938v1_alt	
GCF_000001405.40		ALT_REF_LOCI_10	19			KI270882.1	Chromosome		NT_187636.1	alt-scaffold	248807	chr19_KI270882v1_alt	
GCF_000001405.40		ALT_REF_LOCI_11	19			KI270883.1	Chromosome		NT_187637.1	alt-scaffold	170399	chr19_KI270883v1_alt	
GCF_000001405.40		ALT_REF_LOCI_12	19			KI270884.1	Chromosome		NT_187638.1	alt-scaffold	157053	chr19_KI270884v1_alt	
GCF_000001405.40		ALT_REF_LOCI_13	19			KI270885.1	Chromosome		NT_187639.1	alt-scaffold	171027	chr19_KI270885v1_alt	
GCF_000001405.40		ALT_REF_LOCI_14	19			KI270886.1	Chromosome		NT_187640.1	alt-scaffold	204239	chr19_KI270886v1_alt	
GCF_000001405.40		ALT_REF_LOCI_15	19			KI270887.1	Chromosome		NT_187641.1	alt-scaffold	209512	chr19_KI270887v1_alt	
GCF_000001405.40		ALT_REF_LOCI_16	19			KI270888.1	Chromosome		NT_187642.1	alt-scaffold	155532	chr19_KI270888v1_alt	
GCF_000001405.40		ALT_REF_LOCI_17	19			KI270889.1	Chromosome		NT_187643.1	alt-scaffold	170698	chr19_KI270889v1_alt	
GCF_000001405.40		ALT_REF_LOCI_18	19			KI270890.1	Chromosome		NT_187644.1	alt-scaffold	184499	chr19_KI270890v1_alt	
GCF_000001405.40		ALT_REF_LOCI_19	19			KI270891.1	Chromosome		NT_187645.1	alt-scaffold	170680	chr19_KI270891v1_alt	
GCF_000001405.40		ALT_REF_LOCI_20	19			KI270914.1	Chromosome		NT_187668.1	alt-scaffold	205194	chr19_KI270914v1_alt	
GCF_000001405.40		ALT_REF_LOCI_21	19			KI270915.1	Chromosome		NT_187669.1	alt-scaffold	170665	chr19_KI270915v1_alt	
GCF_000001405.40		ALT_REF_LOCI_22	19			KI270916.1	Chromosome		NT_187670.1	alt-scaffold	184516	chr19_KI270916v1_alt	
GCF_000001405.40		ALT_REF_LOCI_23	19			KI270917.1	Chromosome		NT_187671.1	alt-scaffold	190932	chr19_KI270917v1_alt	
GCF_000001405.40		ALT_REF_LOCI_24	19			KI270918.1	Chromosome		NT_187672.1	alt-scaffold	123111	chr19_KI270918v1_alt	
GCF_000001405.40		ALT_REF_LOCI_25	19			KI270919.1	Chromosome		NT_187673.1	alt-scaffold	170701	chr19_KI270919v1_alt	
GCF_000001405.40		ALT_REF_LOCI_26	19			KI270920.1	Chromosome		NT_187674.1	alt-scaffold	198005	chr19_KI270920v1_alt	
GCF_000001405.40		ALT_REF_LOCI_27	19			KI270921.1	Chromosome		NT_187675.1	alt-scaffold	282224	chr19_KI270921v1_alt	
GCF_000001405.40		ALT_REF_LOCI_28	19			KI270922.1	Chromosome		NT_187676.1	alt-scaffold	187935	chr19_KI270922v1_alt	
GCF_000001405.40		ALT_REF_LOCI_29	19			KI270923.1	Chromosome		NT_187677.1	alt-scaffold	189352	chr19_KI270923v1_alt	
GCF_000001405.40		ALT_REF_LOCI_30	19			KI270929.1	Chromosome		NT_187683.1	alt-scaffold	186203	chr19_KI270929v1_alt	
GCF_000001405.40		ALT_REF_LOCI_31	19			KI270930.1	Chromosome		NT_187684.1	alt-scaffold	200773	chr19_KI270930v1_alt	
GCF_000001405.40		ALT_REF_LOCI_32	19			KI270931.1	Chromosome		NT_187685.1	alt-scaffold	170148	chr19_KI270931v1_alt	
GCF_000001405.40		ALT_REF_LOCI_33	19			KI270932.1	Chromosome		NT_187686.1	alt-scaffold	215732	chr19_KI270932v1_alt	
GCF_000001405.40		ALT_REF_LOCI_34	19			KI270933.1	Chromosome		NT_187687.1	alt-scaffold	170537	chr19_KI270933v1_alt	
GCF_000001405.40		ALT_REF_LOCI_35	19			GL000209.2	Chromosome		NT_113949.2	alt-scaffold	177381	chr19_GL000209v2_alt	
GCF_000001405.40		non-nuclear	MT	7350	44.5	J01415.2	Mitochondrion		NC_012920.1	assembled-molecule	16569	chrM	
